first_name,second_name,goals_scored,assists,total_points,minutes,goals_conceded,creativity,influence,threat,bonus,bps,ict_index,clean_sheets,red_cards,yellow_cards,selected_by_percent,now_cost,element_type,value_per_m
David,Raya Martín,0,0,131,2970,26,33.4,481.2,0.0,6,531,51.5,15,0,1,34.5,60,GK,21.8
Kepa,Arrizabalaga Revuelta,0,0,0,0,0,0.0,0.0,0.0,0,0,0.0,0,0,0,0.4,40,GK,0.0
Karl,Hein,0,0,0,0,0,0.0,0.0,0.0,0,0,0.0,0,0,0,0.2,40,GK,0.0
Tommy,Setford,0,0,0,0,0,0.0,0.0,0.0,0,0,0.0,0,0,0,0.2,39,GK,0.0
Gabriel,dos Santos Magalhães,3,5,177,2345,19,109.2,725.4,225.0,25,607,105.8,14,0,4,43.4,71,DEF,24.9
William,Saliba,1,0,111,2254,20,169.7,474.0,76.0,9,473,71.9,11,0,1,14.1,61,DEF,18.2
Riccardo,Calafiori,1,2,93,1446,8,127.9,244.4,249.0,4,339,62.2,11,0,5,5.9,56,DEF,16.6
Jurriën,Timber,3,6,149,2452,20,402.6,499.0,352.0,9,532,125.7,13,0,5,20.8,62,DEF,24.0
Jakub,Kiwior,0,0,0,0,0,0.0,0.0,0.0,0,0,0.0,0,0,0,0.0,54,DEF,0.0
Myles,Lewis-Skelly,0,0,13,401,7,47.8,45.2,25.0,0,41,11.7,0,0,3,1.4,50,DEF,2.6
Benjamin,White,0,1,32,500,6,108.4,133.2,48.0,3,128,29.0,3,0,0,0.5,51,DEF,6.3
Brayden,Clarke,0,0,0,0,0,0.0,0.0,0.0,0,0,0.0,0,0,0,0.5,37,DEF,0.0
Maldini,Kacurri,0,0,0,0,0,0.0,0.0,0.0,0,0,0.0,0,0,0,0.1,39,DEF,0.0
Josh,Nichols,0,0,0,0,0,0.0,0.0,0.0,0,0,0.0,0,0,0,0.3,37,DEF,0.0
Bukayo,Saka,6,8,133,1995,16,725.9,538.8,762.0,14,497,202.9,10,0,1,7.0,98,MID,13.6
Martin,Ødegaard,1,6,64,1160,13,487.5,267.8,146.0,5,265,90.0,4,0,0,1.6,78,MID,8.2
Noni,Madueke,2,1,56,987,9,276.9,202.0,320.0,6,195,79.8,6,0,0,0.8,68,MID,8.2
Gabriel,Martinelli Silva,1,4,49,937,7,158.5,170.6,337.0,1,163,66.0,2,0,2,0.9,68,MID,7.2
Leandro,Trossard,5,5,101,1727,15,478.5,424.6,440.0,9,365,134.6,8,0,1,0.8,65,MID,15.5
Declan,Rice,4,9,169,2760,25,973.5,768.0,286.0,23,734,202.9,14,0,2,24.5,72,MID,23.5
Mikel,Merino Zazón,4,3,66,996,9,187.0,304.4,237.0,5,238,72.6,4,0,1,0.8,54,MID,12.2
Fábio,Ferreira Vieira,0,0,0,0,0,0.0,0.0,0.0,0,0,0.0,0,0,0,0.0,54,MID,0.0
Christian,Nørgaard,0,0,6,56,1,0.4,15.8,7.0,0,19,2.4,0,0,0,0.1,51,MID,1.2
Ethan,Nwaneri,0,0,8,165,0,22.5,8.6,24.0,0,20,5.4,1,0,0,0.1,50,MID,1.6
Martín,Zubimendi Ibáñez,5,1,123,2755,24,341.1,564.0,262.0,9,556,116.9,15,0,4,3.1,50,MID,24.6
Ismeal,Kabia,0,0,0,0,0,0.0,0.0,0.0,0,0,0.0,0,0,0,0.1,45,MID,0.0
Albert,Sambi Lokonga,0,0,0,0,0,0.0,0.0,0.0,0,0,0.0,0,0,0,0.0,45,MID,0.0
Kai,Havertz,1,1,19,404,3,51.0,71.6,132.0,0,73,25.6,3,0,0,0.7,73,FWD,2.6
Gabriel,Fernando de Jesus,2,0,18,318,6,36.4,107.0,228.0,0,73,36.9,0,0,2,0.3,64,FWD,2.8
Eberechi,Eze,6,3,97,1603,13,262.4,345.2,374.0,8,370,97.9,8,0,1,7.8,72,MID,13.5
Cristhian,Mosquera,0,0,29,754,7,53.2,166.6,14.0,1,158,23.4,2,0,3,0.2,53,DEF,5.5
Viktor,Gyökeres,12,0,107,1984,13,214.4,440.0,658.0,13,391,130.4,10,0,5,12.2,88,FWD,12.2
Max,Dowman,1,1,12,79,1,38.4,41.2,57.0,0,43,13.7,0,0,0,0.8,42,MID,2.9
Andre,Harriman-Annous,0,0,0,0,0,0.0,0.0,0.0,0,0,0.0,0,0,0,0.0,44,MID,0.0
Piero,Hincapié,1,2,75,1589,18,169.2,405.0,59.0,6,289,63.1,4,0,2,0.8,51,DEF,14.7
Marli,Salmon,0,0,0,0,0,0.0,0.0,0.0,0,0,0.0,0,0,0,0.0,40,DEF,0.0
Emiliano,Martínez Romero,0,0,107,2475,32,13.2,645.4,0.0,10,462,65.8,7,0,2,4.7,51,GK,21.0
Marco,Bizot,0,0,14,495,9,0.0,118.2,0.0,0,65,11.8,1,0,2,0.4,42,GK,3.3
Joe,Gauci,0,0,0,0,0,0.0,0.0,0.0,0,0,0.0,0,0,0,0.1,40,GK,0.0
Filip,Marschall,0,0,0,0,0,0.0,0.0,0.0,0,0,0.0,0,0,0,0.0,40,GK,0.0
Matty,Cash,3,2,108,2622,31,427.6,558.0,213.0,6,404,119.9,8,0,8,8.3,47,DEF,23.0
Lucas,Digne,0,6,90,1646,20,422.7,366.2,125.0,5,360,91.3,7,0,3,1.6,45,DEF,20.0
Ezri,Konsa Ngoyo,0,1,96,2765,39,104.8,553.0,122.0,3,465,78.5,9,1,0,7.8,44,DEF,21.8
Ian,Maatsen,0,1,46,1332,21,326.1,285.0,211.0,0,224,82.4,2,0,2,0.6,42,DEF,11.0
Tyrone,Mings,0,1,45,1052,18,72.5,231.0,96.0,4,152,40.0,3,0,0,0.7,43,DEF,10.5
Pau,Torres,0,1,58,1476,16,42.1,282.2,55.0,2,261,38.2,5,0,0,0.3,43,DEF,13.5
Andrés,García,0,0,4,38,2,2.7,3.2,0.0,0,7,0.6,0,0,0,0.2,39,DEF,1.0
Álex,Moreno Lopera,0,0,0,0,0,0.0,0.0,0.0,0,0,0.0,0,0,0,1.6,40,DEF,0.0
Lamare,Bogarde,0,0,34,797,13,54.0,109.0,14.0,4,107,17.6,2,0,5,0.5,40,DEF,8.5
Lino,da Cruz Sousa,0,0,0,0,0,0.0,0.0,0.0,0,0,0.0,0,0,0,0.3,38,DEF,0.0
Yasin,Özcan,0,0,0,0,0,0.0,0.0,0.0,0,0,0.0,0,0,0,0.1,40,DEF,0.0
Morgan,Rogers,9,7,152,2920,41,628.0,665.8,804.0,15,543,209.7,9,0,6,24.2,74,MID,20.5
Youri,Tielemans,0,4,57,1498,21,453.3,366.0,152.0,3,339,97.2,4,0,0,0.6,59,MID,9.7
Leon,Bailey,0,1,13,334,8,122.8,55.0,59.0,0,42,23.7,0,0,1,0.1,55,MID,2.4
Emiliano,Buendía Stati,5,2,85,1485,21,334.5,347.6,324.0,8,299,99.3,3,0,6,0.4,53,MID,16.0
Samuel,Iling-Junior,0,0,0,0,0,0.0,0.0,0.0,0,0,0.0,0,0,0,0.0,55,MID,0.0
Donyell,Malen,4,2,55,640,10,99.7,183.4,290.0,3,161,56.3,1,0,0,0.4,51,MID,10.8
John,McGinn,4,3,89,1886,24,495.3,378.8,235.0,6,370,110.7,8,0,4,0.7,53,MID,16.8
Ross,Barkley,2,1,39,535,8,115.1,163.2,131.0,3,168,41.0,1,0,0,0.1,48,MID,8.1
Enzo,Barrenechea,0,0,0,0,0,0.0,0.0,0.0,0,0,0.0,0,0,0,0.0,50,MID,0.0
Lewis,Dobbin,0,0,0,0,0,0.0,0.0,0.0,0,0,0.0,0,0,0,0.0,50,MID,0.0
Boubacar,Kamara,1,3,61,1410,15,241.3,325.0,75.0,7,282,64.2,5,0,5,0.2,49,MID,12.4
Amadou,Onana,2,0,75,1738,26,151.1,409.6,178.0,4,348,73.9,6,0,3,0.7,48,MID,15.6
Ben,Broggio,0,0,0,0,0,0.0,0.0,0.0,0,0,0.0,0,0,0,0.2,44,MID,0.0
Leander,Dendoncker,0,0,0,0,0,0.0,0.0,0.0,0,0,0.0,0,0,0,0.1,45,MID,0.0
Jamaldeen,Jimoh-Aloba,0,0,1,8,0,0.3,0.2,0.0,0,3,0.1,0,0,0,0.1,45,MID,0.2
Kadan,Young,0,0,0,0,0,0.0,0.0,0.0,0,0,0.0,0,0,0,0.5,43,MID,0.0
Ollie,Watkins,11,3,127,2454,32,289.5,518.2,941.0,17,458,174.3,9,0,3,13.8,87,FWD,14.6
Zépiqueno,Redmond,0,0,0,0,0,0.0,0.0,0.0,0,0,0.0,0,0,0,0.3,45,FWD,0.0
Harvey,Elliott,0,0,5,110,2,31.7,11.8,31.0,0,17,7.4,0,0,0,0.2,51,MID,1.0
Jadon,Sancho,0,2,33,762,7,282.9,124.8,191.0,0,126,60.1,2,0,0,0.2,58,MID,5.7
James,Wright,0,0,0,0,0,0.0,0.0,0.0,0,0,0.0,0,0,0,0.6,39,GK,0.0
Douglas Luiz,Soares de Paulo,1,1,31,814,13,277.2,172.8,87.0,0,187,53.7,1,0,2,0.1,49,MID,6.3
Triston,Rowe,0,0,0,0,0,0.0,0.0,0.0,0,0,0.0,0,0,0,0.1,40,DEF,0.0
Bradley,Burrowes,0,0,1,16,1,0.3,0.0,0.0,0,3,0.0,0,0,0,0.1,43,MID,0.2
Sam,Proctor,0,0,0,0,0,0.0,0.0,0.0,0,0,0.0,0,0,0,0.6,39,GK,0.0
Travis,Patterson,0,0,0,0,0,0.0,0.0,0.0,0,0,0.0,0,0,0,0.2,39,DEF,0.0
Victor,Lindelöf,0,1,24,662,10,28.9,130.0,22.0,0,99,18.2,1,0,0,0.1,45,DEF,5.3
George,Hemmings,0,0,2,25,0,1.7,0.0,2.0,0,5,0.3,0,0,0,0.0,45,MID,0.4
Ronnie,Hollingshead,0,0,0,0,0,0.0,0.0,0.0,0,0,0.0,0,0,0,0.0,40,GK,0.0
Leon,Routh,0,0,0,0,0,0.0,0.0,0.0,0,0,0.0,0,0,0,0.0,40,DEF,0.0
TJ,Carroll,0,0,0,0,0,0.0,0.0,0.0,0,0,0.0,0,0,0,0.0,40,DEF,0.0
Alysson Edward Franco,da Rocha dos Santos,0,0,3,47,2,3.5,3.2,10.0,0,11,1.5,0,0,0,0.0,50,MID,0.6
Tammy,Abraham,2,0,21,209,6,47.9,87.0,132.0,2,91,26.6,0,0,0,0.2,58,FWD,3.6
Max,Weiß,0,0,0,0,0,0.0,0.0,0.0,0,0,0.0,0,0,0,0.1,42,GK,0.0
Etienne,Green,0,0,0,0,0,0.0,0.0,0.0,0,0,0.0,0,0,0,0.2,40,GK,0.0
Václav,Hladký,0,0,0,0,0,0.0,0.0,0.0,0,0,0.0,0,0,0,0.2,39,GK,0.0
Connor,Roberts,0,0,0,0,0,0.0,0.0,0.0,0,0,0.0,0,0,0,0.0,43,DEF,0.0
Kyle,Walker,0,2,64,2735,59,200.6,453.0,24.0,3,213,68.0,4,0,9,1.1,44,DEF,14.5
Hannes,Delcroix,0,0,0,0,0,0.0,0.0,0.0,0,0,0.0,0,0,0,0.2,38,DEF,0.0
Owen,Dodgson,0,0,0,0,0,0.0,0.0,0.0,0,0,0.0,0,0,0,0.0,40,DEF,0.0
Hjalmar,Ekdal,0,0,49,1449,31,44.5,341.8,88.0,2,147,47.5,2,0,0,0.7,38,DEF,12.9
Maxime,Estève,0,0,77,2672,64,91.6,671.6,95.0,0,243,86.0,3,0,1,7.2,39,DEF,19.7
Quilindschy,Hartman,0,6,62,1761,37,285.7,409.6,83.0,0,231,77.9,3,0,1,0.6,40,DEF,15.5
Bashir,Humphreys,0,2,44,1401,29,130.3,338.8,80.0,1,193,54.7,2,0,5,0.1,39,DEF,11.3
Jordan,Beyer,0,0,0,0,0,0.0,0.0,0.0,0,0,0.0,0,0,0,0.1,39,DEF,0.0
Lucas,Pires Silva,0,0,20,1110,26,231.8,183.2,62.0,0,97,47.5,1,1,0,0.3,38,DEF,5.3
Shurandy,Sambo,0,0,0,0,0,0.0,0.0,0.0,0,0,0.0,0,0,0,0.0,40,DEF,0.0
Oliver,Sonne,1,0,13,164,4,18.1,44.8,30.0,0,20,9.2,0,0,0,0.2,38,DEF,3.4
Axel,Tuanzebe,1,0,27,931,22,9.8,225.2,52.0,0,81,28.9,1,0,1,0.9,39,DEF,6.9
Joe,Worrall,0,0,20,496,11,1.5,147.4,19.0,0,40,17.0,0,0,0,0.2,38,DEF,5.3
Jaidon,Anthony,7,3,111,2366,52,496.6,519.6,548.0,6,450,156.4,4,0,4,1.9,50,MID,22.2
Manuel,Benson Hedilazio,0,0,0,0,0,0.0,0.0,0.0,0,0,0.0,0,0,0,0.0,54,MID,0.0
Jacob,Bruun Larsen,0,1,38,998,29,193.2,114.8,132.0,0,112,44.0,3,0,0,0.0,52,MID,7.3
Enock,Agyei,0,0,0,0,0,0.0,0.0,0.0,0,0,0.0,0,0,0,0.0,47,MID,0.0
Darko,Churlinov,0,0,0,0,0,0.0,0.0,0.0,0,0,0.0,0,0,0,0.0,49,MID,0.0
Josh,Cullen,2,2,70,1513,29,218.1,342.0,98.0,8,321,66.0,3,0,2,0.8,49,MID,14.3
Marcus,Edwards,1,3,50,1043,18,255.7,173.6,218.0,2,180,64.6,1,0,0,0.1,47,MID,10.6
Hannibal,Mejbri,1,4,52,981,22,236.8,203.8,88.0,4,215,52.8,2,0,7,0.1,47,MID,11.1
Luca,Koleosho,0,0,0,0,0,0.0,0.0,0.0,0,0,0.0,0,0,0,0.0,50,MID,0.0
Josh,Laurent,1,0,53,1669,39,183.8,287.2,108.0,1,228,57.2,2,1,6,0.0,48,MID,11.0
Loum,Tchaouna,1,1,42,924,17,136.6,105.4,120.0,0,141,36.4,2,0,1,0.0,48,MID,8.8
Aaron,Ramsey,0,0,0,0,0,0.0,0.0,0.0,0,0,0.0,0,0,0,1.4,44,MID,0.0
Oluwaseun,Adewumi,0,0,0,0,0,0.0,0.0,0.0,0,0,0.0,0,0,0,0.0,45,MID,0.0
Jaydon,Banel,0,0,1,9,0,0.5,0.0,0.0,0,2,0.0,0,0,0,0.0,45,MID,0.2
Mike,Trésor Ndayishimiye,0,0,6,37,2,15.2,7.2,2.0,0,18,2.4,0,0,0,0.1,43,MID,1.4
Zian,Flemming,9,0,82,1436,28,133.2,387.6,470.0,8,306,98.1,3,0,3,0.4,53,FWD,15.5
Zeki,Amdouni,0,0,0,0,0,0.0,0.0,0.0,0,0,0.0,0,0,0,0.0,48,FWD,0.0
Lyle,Foster,3,2,57,1340,30,147.0,219.0,256.0,4,201,61.5,4,0,4,0.8,49,FWD,11.6
Ashley,Barnes,0,0,5,35,3,0.6,0.2,9.0,0,10,1.0,0,0,1,1.3,42,FWD,1.2
Michael,Obafemi,0,0,0,0,0,0.0,0.0,0.0,0,0,0.0,0,0,0,0.1,44,FWD,0.0
Martin,Dúbravka,0,0,94,3060,68,0.0,940.8,0.0,7,423,94.3,4,0,1,27.9,40,GK,23.5
James,Ward-Prowse,0,1,35,998,24,359.3,194.4,15.0,0,216,56.8,2,0,1,0.2,56,MID,6.2
Lesley,Ugochukwu,3,2,88,2108,47,150.2,376.8,194.0,5,325,71.9,3,1,1,0.1,50,MID,17.6
Armando,Broja,1,1,42,829,27,68.1,101.8,205.0,2,116,37.2,1,0,0,0.1,52,FWD,8.1
Florentino Ibrain,Morris Luís,0,2,71,1822,41,195.3,358.0,45.0,0,303,60.0,2,0,6,0.0,50,MID,14.2
Oliver,Pimlott,0,0,0,0,0,0.0,0.0,0.0,0,0,0.0,0,0,0,0.0,45,MID,0.0
George,Brierley,0,0,0,0,0,0.0,0.0,0.0,0,0,0.0,0,0,0,0.0,45,MID,0.0
Kian,McMahon-Brown,0,0,0,0,0,0.0,0.0,0.0,0,0,0.0,0,0,0,0.0,45,MID,0.0
Norberto,Murara Neto,0,0,0,0,0,0.0,0.0,0.0,0,0,0.0,0,0,0,0.1,45,GK,0.0
Đorđe,Petrović,0,0,106,3060,52,0.0,748.4,0.0,5,436,75.0,9,0,3,5.3,46,GK,23.0
Will,Dennis,0,0,0,0,0,0.0,0.0,0.0,0,0,0.0,0,0,0,0.7,40,GK,0.0
Callan,McKenna,0,0,0,0,0,0.0,0.0,0.0,0,0,0.0,0,0,0,0.2,39,GK,0.0
Alex,Paulsen,0,0,0,0,0,0.0,0.0,0.0,0,0,0.0,0,0,0,0.1,40,GK,0.0
Illia,Zabarnyi,0,0,0,0,0,0.0,0.0,0.0,0,0,0.0,0,0,0,0.0,50,DEF,0.0
Marcos,Senesi Barón,0,5,147,2928,51,342.2,1000.0,193.0,11,482,153.8,9,0,8,21.0,52,DEF,28.3
Adam,Smith,0,1,39,805,15,59.3,120.8,18.0,2,123,19.8,4,0,3,0.2,44,DEF,8.9
Adrien,Truffert,1,4,139,3018,49,460.2,744.2,157.0,14,500,136.2,9,0,4,4.2,47,DEF,29.6
Matai,Akinmboni,0,0,0,0,0,0.0,0.0,0.0,0,0,0.0,0,0,0,0.2,38,DEF,0.0
Owen,Bevan,0,0,0,0,0,0.0,0.0,0.0,0,0,0.0,0,0,0,0.2,38,DEF,0.0
James,Hill,0,3,90,1742,22,128.6,494.0,109.0,2,318,73.4,6,0,3,7.2,42,DEF,21.4
Julián,Araujo Zúñiga,0,0,0,0,0,0.0,0.0,0.0,0,0,0.0,0,0,0,0.5,38,DEF,0.0
Chris,Mepham,0,0,0,0,0,0.0,0.0,0.0,0,0,0.0,0,0,0,0.1,40,DEF,0.0
Julio,Soler Barreto,0,0,3,34,2,2.5,1.8,2.0,0,2,0.6,0,0,0,0.2,39,DEF,0.8
Justin,Kluivert,2,0,40,914,18,304.1,146.6,128.0,3,147,57.8,4,0,4,0.6,69,MID,5.8
Marcus,Tavernier,6,4,120,2390,42,659.0,562.2,519.0,11,467,174.2,9,0,5,4.2,54,MID,22.2
Tyler,Adams,2,2,66,1474,26,110.2,334.0,110.0,3,305,55.7,6,0,7,0.3,49,MID,13.5
David,Brooks,1,2,53,1151,19,357.9,210.6,414.0,4,196,96.8,5,0,7,0.2,50,MID,10.6
Ryan,Christie,2,1,48,916,14,182.8,219.0,220.0,2,208,62.6,3,0,3,0.2,49,MID,9.8
Lewis,Cook,0,1,38,870,18,183.3,206.0,12.0,0,184,40.4,1,1,1,0.0,49,MID,7.8
Philip,Billing,0,0,0,0,0,0.0,0.0,0.0,0,0,0.0,0,0,0,0.0,49,MID,0.0
Alex,Scott,3,2,125,2578,40,430.1,559.6,305.0,9,557,129.1,9,0,4,2.8,51,MID,24.5
Luis,Sinisterra Lucumí,0,0,0,0,0,0.0,0.0,0.0,0,0,0.0,0,0,0,0.0,50,MID,0.0
Romain,Faivre,0,0,0,0,0,0.0,0.0,0.0,0,0,0.0,0,0,0,0.1,45,MID,0.0
Hamed,Traorè,0,1,4,16,2,10.0,21.2,0.0,0,12,3.1,0,0,0,0.3,45,MID,0.9
Dominic,Sadi,0,0,0,0,0,0.0,0.0,0.0,0,0,0.0,0,0,0,0.0,45,MID,0.0
Zain,Silcott-Duberry,0,0,0,0,0,0.0,0.0,0.0,0,0,0.0,0,0,0,0.1,44,MID,0.0
Ben,Winterburn,0,0,1,6,2,0.0,0.0,0.0,0,3,0.0,0,0,0,0.0,45,MID,0.2
Francisco Evanilson,de Lima Barbosa,6,6,105,2460,39,369.3,333.6,769.0,6,368,146.9,9,0,2,2.7,67,FWD,15.7
Enes,Ünal,1,0,23,175,2,13.0,50.8,86.0,1,61,14.1,0,0,1,0.0,54,FWD,4.3
Daniel,Adu-Adjei,0,0,0,0,0,0.0,0.0,0.0,0,0,0.0,0,0,0,0.1,44,FWD,0.0
Junior,Kroupi,11,0,95,1369,20,278.7,454.4,468.0,11,415,120.1,7,0,5,5.7,46,FWD,20.7
Ben,Gannon-Doak,0,1,9,68,1,14.9,28.4,17.0,0,26,6.0,0,0,0,0.0,48,MID,1.9
Bafodé,Diakité,0,0,46,1275,27,54.3,267.0,22.0,2,164,34.4,4,0,1,0.3,41,DEF,11.2
Remy,Rees-Dottin,0,0,0,0,0,0.0,0.0,0.0,0,0,0.0,0,0,0,0.2,43,MID,0.0
Amine,Adli,3,2,64,1041,17,234.6,267.2,258.0,4,238,75.4,3,0,2,0.3,54,MID,11.9
Álex,Jiménez Sánchez,1,2,68,2225,39,250.3,392.8,180.0,2,272,82.3,5,0,10,0.2,45,DEF,15.1
Veljko,Milosavljevic,0,0,19,367,6,13.9,98.4,10.0,0,63,12.2,1,0,0,0.0,44,DEF,4.3
Malcom,DaCosta,0,0,0,0,0,0.0,0.0,0.0,0,0,0.0,0,0,0,0.0,45,MID,0.0
Fraser,Forster,0,0,0,0,0,0.0,0.0,0.0,0,0,0.0,0,0,0,0.0,40,GK,0.0
Charlie,Stevens,0,0,0,0,0,0.0,0.0,0.0,0,0,0.0,0,0,0,0.0,45,MID,0.0
Alex,Tóth,0,0,6,78,2,34.3,8.2,14.0,0,20,5.6,0,0,1,0.0,49,MID,1.2
Christos,Mandas,0,0,0,0,0,0.0,0.0,0.0,0,0,0.0,0,0,0,0.0,40,GK,0.0
Rayan Vitor,Simplício Rocha,3,2,45,792,9,175.0,194.6,171.0,2,169,54.1,3,0,1,1.6,55,MID,8.2
Reiss,Nelson,0,0,8,100,2,17.8,22.0,25.0,0,23,6.0,0,0,0,0.1,48,MID,1.7
Dango,Ouattara,5,7,111,1890,28,354.2,411.2,558.0,13,358,131.7,5,0,4,2.5,59,MID,18.8
Caoimhín,Kelleher,0,0,122,2880,41,23.0,732.8,0.0,8,479,75.7,9,0,1,12.7,48,GK,25.4
Ellery,Balcombe,0,0,0,0,0,0.0,0.0,0.0,0,0,0.0,0,0,0,0.3,39,GK,0.0
Matthew,Cox,0,0,0,0,0,0.0,0.0,0.0,0,0,0.0,0,0,0,0.1,39,GK,0.0
Julian,Eyestone,0,0,0,0,0,0.0,0.0,0.0,0,0,0.0,0,0,0,0.1,39,GK,0.0
Hákon Rafn,Valdimarsson,0,0,1,90,3,0.0,13.0,0.0,0,1,1.3,0,0,0,0.9,38,GK,0.3
Nathan,Collins,1,2,114,2521,36,119.3,732.2,304.0,7,393,115.7,8,0,5,2.7,49,DEF,23.3
Keane,Lewis-Potter,3,2,96,1512,24,283.9,303.8,262.0,3,289,85.0,8,0,1,1.6,48,DEF,20.0
Kristoffer,Ajer,0,2,70,1624,27,58.3,358.2,161.0,1,196,57.9,5,0,3,0.2,44,DEF,15.9
Rico,Henry,0,2,52,1322,22,82.0,151.6,35.0,0,144,26.9,4,0,2,0.1,43,DEF,12.1
Michael,Kayode,1,2,104,2808,41,431.0,552.4,109.0,9,467,109.5,9,0,6,1.2,46,DEF,22.6
Ethan,Pinnock,0,0,14,318,5,1.2,88.6,33.0,2,53,12.3,1,0,1,0.1,42,DEF,3.3
Mads,Roerslev Rasmussen,0,0,0,0,0,0.0,0.0,0.0,0,0,0.0,0,0,0,0.0,45,DEF,0.0
Sepp,van den Berg,0,2,99,2483,38,84.2,582.0,260.0,3,369,92.8,7,0,1,1.3,46,DEF,21.5
Benjamin,Arthur,0,0,0,0,0,0.0,0.0,0.0,0,0,0.0,0,0,0,0.2,38,DEF,0.0
Benjamin,Fredrick,0,0,0,0,0,0.0,0.0,0.0,0,0,0.0,0,0,0,0.1,40,DEF,0.0
Aaron,Hickey,0,0,33,588,8,16.2,82.6,42.0,0,94,13.9,2,0,1,0.3,40,DEF,8.2
Kim,Ji-soo,0,0,0,0,0,0.0,0.0,0.0,0,0,0.0,0,0,0,0.1,39,DEF,0.0
Jayden,Meghoma,0,0,0,0,0,0.0,0.0,0.0,0,0,0.0,0,0,0,0.0,40,DEF,0.0
Kevin,Schade,7,5,110,2386,28,373.9,491.0,735.0,5,354,159.5,10,1,6,1.7,70,MID,15.7
Mikkel,Damsgaard,3,4,93,1701,27,557.4,436.4,262.0,6,381,125.8,4,0,0,0.8,56,MID,16.6
Antoni,Milambo,0,0,1,45,3,1.8,4.0,0.0,0,5,0.6,0,0,0,0.0,52,MID,0.2
Fábio,Freitas Gouveia Carvalho,1,0,13,100,4,6.5,39.0,36.0,1,42,8.1,0,0,0,0.1,46,MID,2.8
Jordan,Henderson,1,3,75,1814,26,336.0,328.0,45.0,5,332,70.9,6,0,4,0.3,50,MID,15.0
Vitaly,Janelt,1,4,70,1253,16,313.6,329.0,91.0,6,300,72.5,5,0,7,0.1,49,MID,14.3
Mathias,Jensen,2,2,77,1825,25,516.3,334.6,180.0,0,379,103.1,8,0,3,0.1,49,MID,15.7
Gustavo,Nunes Fernandes Gomes,0,0,0,0,0,0.0,0.0,0.0,0,0,0.0,0,0,0,0.0,49,MID,0.0
Frank,Onyeka,0,2,12,88,2,13.6,28.4,4.0,0,41,4.6,0,0,0,0.0,48,MID,2.5
Yehor,Yarmoliuk,1,2,87,2306,36,243.7,369.8,110.0,0,376,72.2,7,0,7,0.1,50,MID,17.4
Romelle,Donovan,0,0,4,38,0,11.5,8.4,21.0,0,19,4.2,0,0,0,0.1,44,MID,0.9
Yunus Emre,Konak,0,0,0,0,0,0.0,0.0,0.0,0,0,0.0,0,0,0,0.1,43,MID,0.0
Paris,Maghoma,0,0,0,0,0,0.0,0.0,0.0,0,0,0.0,0,0,0,0.0,45,MID,0.0
Myles,Peart-Harris,0,0,1,1,0,0.0,0.0,0.0,0,2,0.0,0,0,0,0.0,44,MID,0.2
Ryan,Trevitt,0,0,0,0,0,0.0,0.0,0.0,0,0,0.0,0,0,0,0.0,45,MID,0.0
Igor Thiago,Nascimento Rodrigues,21,1,168,2832,42,328.2,934.4,1056.0,22,675,231.6,9,0,6,35.3,74,FWD,22.7
Iwan,Morgan,0,0,0,0,0,0.0,0.0,0.0,0,0,0.0,0,0,0,0.3,44,FWD,0.0
Josh,Dasilva,0,0,0,0,0,0.0,0.0,0.0,0,0,0.0,0,0,0,0.0,49,MID,0.0
Kaye,Furo,0,0,0,0,0,0.0,0.0,0.0,0,0,0.0,0,0,0,0.0,45,FWD,0.0
Luka,Bentt,0,0,0,0,0,0.0,0.0,0.0,0,0,0.0,0,0,0,0.0,45,MID,0.0
Ollie,Shield,0,0,0,0,0,0.0,0.0,0.0,0,0,0.0,0,0,0,0.0,40,DEF,0.0
Joshua,Stephenson,0,0,0,0,0,0.0,0.0,0.0,0,0,0.0,0,0,0,0.0,40,DEF,0.0
Conor,McManus,0,0,0,0,0,0.0,0.0,0.0,0,0,0.0,0,0,0,0.0,40,DEF,0.0
Riley,Owen,0,0,0,0,0,0.0,0.0,0.0,0,0,0.0,0,0,0,0.0,45,MID,0.0
Jason,Steele,0,0,0,0,0,0.0,0.0,0.0,0,0,0.0,0,0,0,0.2,42,GK,0.0
Bart,Verbruggen,0,0,118,3060,39,10.0,849.0,0.0,6,575,86.0,9,0,3,7.7,45,GK,26.2
Tom,McGill,0,0,0,0,0,0.0,0.0,0.0,0,0,0.0,0,0,0,0.3,39,GK,0.0
Carl,Rushworth,0,0,0,0,0,0.0,0.0,0.0,0,0,0.0,0,0,0,0.0,40,GK,0.0
Kjell,Scherpen,0,0,0,0,0,0.0,0.0,0.0,0,0,0.0,0,0,0,0.0,40,GK,0.0
Olivier,Boscagli,0,1,38,709,7,64.9,191.2,12.0,4,163,26.9,3,0,2,0.1,42,DEF,9.0
Diego,Coppola,0,0,10,193,3,3.7,42.4,2.0,0,32,4.8,1,0,2,0.0,42,DEF,2.4
Maxim,De Cuyper,2,1,66,1173,19,331.0,242.4,132.0,6,245,70.6,4,0,2,1.6,43,DEF,15.3
Lewis,Dunk,0,1,82,2565,35,108.6,573.4,154.0,3,389,83.8,6,0,10,0.9,45,DEF,18.2
Pervis,Estupiñán Tenorio,0,0,0,0,0,0.0,0.0,0.0,0,0,0.0,0,0,0,0.0,45,DEF,0.0
Ferdi,Kadıoğlu,1,2,108,2770,34,365.2,471.2,249.0,7,481,108.8,9,0,6,0.6,44,DEF,24.5
Igor Julio,dos Santos de Paulo,0,0,6,103,3,10.6,25.8,0.0,0,10,3.6,0,0,0,0.1,45,DEF,1.3
Tariq,Lamptey,0,0,0,0,0,0.0,0.0,0.0,0,0,0.0,0,0,0,0.1,44,DEF,0.0
Jan Paul,van Hecke,3,3,137,2850,37,220.0,909.4,276.0,8,533,140.9,9,0,8,8.5,46,DEF,29.8
Joël,Veltman,1,0,38,889,12,72.6,234.6,63.0,1,146,37.1,1,0,4,0.1,43,DEF,8.8
Adam,Webster,0,0,0,0,0,0.0,0.0,0.0,0,0,0.0,0,0,0,0.0,44,DEF,0.0
Eiran,Cashin,0,0,0,0,0,0.0,0.0,0.0,0,0,0.0,0,0,0,0.0,40,DEF,0.0
Jacob,Slater,0,0,0,0,0,0.0,0.0,0.0,0,0,0.0,0,0,0,0.1,40,DEF,0.0
Charlie,Tasker,0,0,0,0,0,0.0,0.0,0.0,0,0,0.0,0,0,0,0.2,38,DEF,0.0
Mitoma,Kaoru,3,1,61,1567,17,402.7,285.0,397.0,2,233,108.1,5,0,3,2.1,61,MID,10.0
Georginio,Rutter,3,5,83,1711,18,319.7,323.4,409.0,2,275,105.1,7,0,2,0.3,56,MID,14.8
Solly,March,0,0,1,4,0,0.0,0.0,0.0,0,4,0.0,0,0,0,0.0,58,MID,0.2
Yankuba,Minteh,2,8,102,2074,29,599.0,420.8,563.0,8,405,158.6,9,0,3,2.4,55,MID,18.5
Julio,Enciso Espínola,0,0,0,0,0,0.0,0.0,0.0,0,0,0.0,0,0,0,0.0,54,MID,0.0
Brajan,Gruda,1,1,35,708,11,217.1,134.4,152.0,2,114,50.0,2,0,2,0.0,54,MID,6.5
Jack,Hinshelwood,2,5,71,1408,18,187.5,228.2,292.0,2,243,70.2,5,0,0,0.3,51,MID,13.9
Matt,O'Riley,1,0,16,202,3,67.7,65.4,63.0,2,48,19.6,1,0,0,0.3,55,MID,2.9
Abdallah,Sima,0,0,0,0,0,0.0,0.0,0.0,0,0,0.0,0,0,0,0.0,54,MID,0.0
Yasin,Ayari,3,4,96,1899,23,251.0,358.0,229.0,7,401,84.1,6,0,1,0.4,48,MID,20.0
Carlos,Baleba,0,0,45,1380,17,105.8,116.6,31.0,0,175,25.4,5,0,5,1.5,45,MID,10.0
Diego,Gómez Amarilla,5,1,95,2034,25,317.0,437.2,394.0,9,360,115.0,8,0,9,0.8,49,MID,19.4
James,Milner,1,1,34,714,14,149.5,137.6,59.0,0,153,34.4,2,0,2,0.1,49,MID,6.9
Jeremy,Sarmiento Morante,0,0,0,0,0,0.0,0.0,0.0,0,0,0.0,0,0,0,0.0,49,MID,0.0
Tom,Watson,0,0,5,57,2,2.4,6.0,7.0,0,15,1.6,0,0,1,0.0,48,MID,1.0
Mats,Wieffer,2,4,91,1794,22,284.0,466.4,209.0,6,383,96.0,6,0,8,0.6,49,MID,18.6
Malick,Yalcouyé,0,0,0,0,0,0.0,0.0,0.0,0,0,0.0,0,0,0,0.0,50,MID,0.0
Joe,Knight,0,0,1,1,0,0.0,0.0,0.0,0,3,0.0,0,0,0,0.1,44,MID,0.2
Adrian,Mazilu,0,0,0,0,0,0.0,0.0,0.0,0,0,0.0,0,0,0,0.0,45,MID,0.0
Andrew,Moran,0,0,0,0,0,0.0,0.0,0.0,0,0,0.0,0,0,0,0.0,45,MID,0.0
Danny,Welbeck,13,0,116,1972,23,286.2,546.4,703.0,18,473,152.9,8,0,5,7.8,63,FWD,18.4
Evan,Ferguson,0,0,0,0,0,0.0,0.0,0.0,0,0,0.0,0,0,0,0.0,55,FWD,0.0
Stefanos,Tzimas,1,1,16,132,2,65.7,66.6,44.0,0,55,17.7,0,0,0,0.1,52,FWD,3.1
Charalampos,Kostoulas,2,1,31,300,7,91.8,130.0,198.0,3,123,41.9,1,0,2,0.3,48,FWD,6.5
Nehemiah,Oriola,0,0,1,1,0,0.0,0.0,0.0,0,3,0.0,0,0,0,0.0,45,MID,0.2
Freddie,Simmonds,0,0,0,0,0,0.0,0.0,0.0,0,0,0.0,0,0,0,0.0,40,DEF,0.0
Pascal,Groß,1,5,65,1276,10,554.2,335.0,121.0,9,317,101.0,5,0,2,1.3,55,MID,11.8
Harry,Howell,0,0,4,92,2,5.1,10.2,2.0,0,11,1.8,0,0,0,0.0,45,MID,0.9
Robert,Lynch Sánchez,0,1,108,2794,43,50.0,753.0,0.0,7,483,79.8,9,1,3,12.0,48,GK,22.5
Filip,Jörgensen,0,0,6,264,4,0.0,59.6,0.0,0,35,5.9,0,0,0,0.2,43,GK,1.4
Mike,Penders,0,0,0,0,0,0.0,0.0,0.0,0,0,0.0,0,0,0,0.0,40,GK,0.0
Gabriel,Słonina,0,0,0,0,0,0.0,0.0,0.0,0,0,0.0,0,0,0,0.1,39,GK,0.0
Marc,Cucurella Saseta,1,3,97,2346,32,512.6,513.4,267.0,5,444,129.4,9,1,6,15.0,61,DEF,15.9
Reece,James,2,6,113,1892,20,480.8,446.4,109.0,11,479,103.8,8,0,4,6.2,56,DEF,20.2
Trevoh,Chalobah,3,1,133,2649,37,108.3,689.8,156.0,7,505,95.4,9,1,3,9.8,54,DEF,24.6
Levi,Samuels Colwill,0,0,0,0,0,0.0,0.0,0.0,0,0,0.0,0,0,0,0.1,47,DEF,0.0
Malo,Gusto,2,3,95,1991,30,370.2,408.6,172.0,7,393,95.2,7,1,2,2.0,49,DEF,19.4
Benoît,Badiashile Mukinayi,0,0,7,470,10,7.9,102.8,2.0,0,48,11.4,0,0,2,0.0,44,DEF,1.6
Wesley,Fofana,0,1,60,1487,21,64.2,440.4,72.0,3,267,57.7,4,1,5,0.4,44,DEF,13.6
Mamadou,Sarr,0,0,2,91,3,0.1,6.2,7.0,0,1,1.3,0,0,0,0.0,45,DEF,0.4
Tosin,Adarabioyo,0,0,34,743,12,32.5,232.0,19.0,2,129,28.4,2,0,2,0.3,40,DEF,8.5
Josh,Acheampong,1,0,36,579,12,40.3,127.8,66.0,5,107,23.4,2,0,1,1.7,37,DEF,9.7
Aarón,Anselmino,0,0,0,0,0,0.0,0.0,0.0,0,0,0.0,0,0,0,0.1,40,DEF,0.0
Cole,Palmer,9,2,102,1596,26,347.1,474.0,466.0,9,380,128.6,3,0,4,16.8,105,MID,9.7
Pedro,Lomba Neto,5,5,114,2477,30,784.0,472.2,477.0,8,500,173.6,11,1,2,4.4,70,MID,16.3
Enzo,Fernández,8,4,133,2754,39,908.1,717.4,692.0,14,608,231.8,8,0,8,11.8,65,MID,20.5
Estêvão,Almeida de Oliveira Gonçalves,2,5,58,839,11,230.9,183.4,314.0,4,172,72.6,4,0,4,1.8,64,MID,9.1
Jamie,Bynoe-Gittens,0,2,25,486,7,130.4,93.0,91.0,0,99,31.3,1,0,0,0.1,60,MID,4.2
Christopher,Nkunku,0,0,0,0,0,0.0,0.0,0.0,0,0,0.0,0,0,0,0.1,59,MID,0.0
Moisés,Caicedo Corozo,3,1,102,2442,40,321.7,515.8,119.0,10,521,95.4,6,1,9,7.4,57,MID,17.9
Roméo,Lavia,0,0,12,317,7,39.6,27.8,12.0,0,69,7.9,0,0,0,0.0,49,MID,2.4
Mykhailo,Mudryk,0,0,0,0,0,0.0,0.0,0.0,0,0,0.0,0,0,0,0.0,49,MID,0.0
Andrey,Nascimento dos Santos,0,0,34,1063,16,139.0,171.2,65.0,0,186,37.5,1,0,4,0.3,45,MID,7.6
Dário,Luís Essugo,0,0,1,25,1,2.1,9.4,2.0,0,7,1.4,0,0,1,0.1,43,MID,0.2
Kendry,Páez Andrade,0,0,0,0,0,0.0,0.0,0.0,0,0,0.0,0,0,0,0.0,45,MID,0.0
João Pedro,Junqueira de Jesus,14,9,166,2388,30,437.8,720.4,828.0,28,676,198.2,10,0,4,45.5,77,FWD,21.6
Liam,Delap,1,2,43,954,16,70.3,67.8,332.0,1,125,46.0,2,0,2,0.9,62,FWD,6.9
Nicolas,Jackson,0,0,0,0,0,0.0,0.0,0.0,0,0,0.0,0,0,0,0.1,65,FWD,0.0
Marc,Guiu Paz,0,1,13,265,3,40.1,24.6,86.0,0,19,13.1,0,0,1,5.3,40,FWD,3.2
Alejandro,Garnacho Ferreyra,1,4,55,1260,20,405.3,207.4,399.0,3,217,100.1,4,0,2,0.5,64,MID,8.6
Jorrel,Hato,0,0,15,908,23,100.4,185.4,32.0,0,70,31.7,0,0,5,0.2,46,DEF,3.3
Landon,Emenalo,0,0,0,0,0,0.0,0.0,0.0,0,0,0.0,0,0,0,0.0,45,MID,0.0
Max,Merrick,0,0,0,0,0,0.0,0.0,0.0,0,0,0.0,0,0,0,0.0,40,GK,0.0
Teddy,Sharman-Lowe,0,0,0,0,0,0.0,0.0,0.0,0,0,0.0,0,0,0,0.0,40,GK,0.0
Jesse,Derry,0,0,0,0,0,0.0,0.0,0.0,0,0,0.0,0,0,0,0.0,45,MID,0.0
Dean,Henderson,0,0,124,2790,36,10.0,733.6,0.0,7,520,74.3,11,0,3,8.0,51,GK,24.3
Walter,Benítez,0,0,7,90,0,0.0,22.8,0.0,0,29,2.3,1,0,0,0.3,39,GK,1.8
Remi,Matthews,0,0,0,0,0,0.0,0.0,0.0,0,0,0.0,0,0,0,0.1,39,GK,0.0
Daniel,Muñoz Mejía,3,3,120,1959,21,312.0,472.8,348.0,8,421,113.2,10,0,6,7.7,58,DEF,20.7
Maxence,Lacroix,1,2,143,2665,35,92.8,708.6,254.0,11,492,105.5,11,1,3,5.0,51,DEF,28.0
Tyrick,Mitchell,1,2,126,2848,36,409.9,553.2,193.0,8,464,115.7,12,0,5,2.3,50,DEF,25.2
Borna,Sosa,0,0,6,54,1,12.5,11.2,4.0,0,13,2.8,0,0,0,0.1,48,DEF,1.2
Chris,Richards,1,0,122,2512,32,151.6,667.6,140.0,5,449,96.2,11,0,3,2.4,44,DEF,27.7
Chadi,Riad Dnanou,0,1,14,312,3,21.3,63.8,14.0,0,58,9.9,1,0,2,0.0,40,DEF,3.5
Nathaniel,Clyne,0,1,15,494,9,53.5,80.6,33.0,2,49,16.6,0,0,1,0.5,38,DEF,3.9
Rob,Holding,0,0,0,0,0,0.0,0.0,0.0,0,0,0.0,0,0,0,0.0,40,DEF,0.0
Caleb,Kporha,0,0,0,0,0,0.0,0.0,0.0,0,0,0.0,0,0,0,0.0,40,DEF,0.0
Ismaïla,Sarr,7,1,95,1783,19,216.4,383.6,411.0,9,293,101.3,9,0,2,3.8,63,MID,15.1
Cheick,Doucouré,0,0,0,0,0,0.0,0.0,0.0,0,0,0.0,0,0,0,0.0,49,MID,0.0
Romain,Esse,0,0,4,40,0,2.7,6.8,6.0,0,12,1.5,0,0,0,0.1,47,MID,0.9
Will,Hughes,0,1,42,1411,14,296.0,169.0,88.0,0,196,55.1,5,0,7,0.1,47,MID,8.9
Daichi,Kamada,0,2,55,1524,17,276.2,187.6,138.0,0,264,60.3,6,0,2,0.1,50,MID,11.0
Jefferson,Lerma Solís,0,5,62,1426,16,176.0,239.8,221.0,3,258,63.7,7,0,6,0.1,49,MID,12.7
Adam,Wharton,0,6,92,2191,33,554.9,389.6,151.0,6,419,109.8,8,1,4,0.6,50,MID,18.4
Asher,Agbinone,0,0,0,0,0,0.0,0.0,0.0,0,0,0.0,0,0,0,0.1,43,MID,0.0
Naouirou,Ahamada,0,0,0,0,0,0.0,0.0,0.0,0,0,0.0,0,0,0,0.0,43,MID,0.0
Justin,Devenny,1,0,30,605,10,95.2,86.8,164.0,0,84,34.6,1,0,0,1.1,43,MID,7.0
Malcolm,Ebiowei,0,0,0,0,0,0.0,0.0,0.0,0,0,0.0,0,0,0,0.0,45,MID,0.0
Jesurun,Rak-Sakyi,0,0,0,0,0,0.0,0.0,0.0,0,0,0.0,0,0,0,0.0,44,MID,0.0
Matheus,França de Oliveira,0,0,0,0,0,0.0,0.0,0.0,0,0,0.0,0,0,0,0.0,45,MID,0.0
David,Ozoh,0,0,0,0,0,0.0,0.0,0.0,0,0,0.0,0,0,0,0.0,45,MID,0.0
Kaden,Rodney,0,0,1,3,0,0.1,0.0,0.0,0,2,0.0,0,0,0,0.0,44,MID,0.2
Franco,Umeh-Chibueze,0,0,0,0,0,0.0,0.0,0.0,0,0,0.0,0,0,0,0.0,45,MID,0.0
Jean-Philippe,Mateta,10,0,98,1990,23,133.7,484.8,708.0,12,334,132.1,8,0,2,7.4,76,FWD,12.9
Eddie,Nketiah,2,0,23,414,12,84.6,120.0,173.0,3,100,37.8,0,0,2,0.3,54,FWD,4.3
Odsonne,Édouard,0,0,1,2,0,0.0,2.0,0.0,0,6,0.2,0,0,0,0.2,50,FWD,0.2
Zach,Marsh,0,0,0,0,0,0.0,0.0,0.0,0,0,0.0,0,0,0,0.3,44,FWD,0.0
Brennan,Johnson,2,1,57,1364,14,239.7,197.2,202.0,2,188,63.2,6,0,6,2.3,65,MID,8.8
Jørgen,Strand Larsen,4,1,65,1987,32,173.2,243.4,398.0,3,190,79.9,5,0,4,1.5,59,FWD,11.0
Evann,Guessand,1,3,42,880,15,75.8,156.8,183.0,0,137,41.2,2,0,0,0.0,62,MID,6.8
Rio,Cardines,0,0,0,0,0,0.0,0.0,0.0,0,0,0.0,0,0,0,0.3,44,MID,0.0
Yéremy,Pino Santos,2,1,69,1849,21,637.4,289.4,337.0,3,293,126.2,7,0,4,0.2,58,MID,11.9
Jaydee,Canvot,0,0,62,881,10,44.5,273.2,36.0,9,192,35.2,5,0,2,0.2,45,DEF,13.8
Christantus,Uche,0,1,17,159,4,7.1,13.2,73.0,0,42,8.8,0,0,0,0.1,55,FWD,3.1
Joél,Drakes-Thomas,0,0,2,7,1,1.0,1.4,0.0,0,6,0.3,0,0,0,0.0,45,MID,0.4
Dean,Benamar,0,0,0,0,0,0.0,0.0,0.0,0,0,0.0,0,0,0,0.0,40,DEF,0.0
Ben,Casey,0,0,0,0,0,0.0,0.0,0.0,0,0,0.0,0,0,0,0.0,45,FWD,0.0
George,King,0,0,0,0,0,0.0,0.0,0.0,0,0,0.0,0,0,0,0.0,40,DEF,0.0
Danny,Imray,0,0,0,0,0,0.0,0.0,0.0,0,0,0.0,0,0,0,0.0,40,DEF,0.0
Kiernan,Dewsbury-Hall,7,6,132,2186,29,495.3,537.4,378.0,17,520,141.2,8,0,6,5.5,51,MID,25.9
Tyrique,George,0,0,12,271,6,22.2,24.0,103.0,0,25,14.5,1,0,2,0.1,48,MID,2.5
Jordan,Pickford,0,0,127,2970,39,10.2,785.8,2.0,11,512,79.8,11,0,4,13.8,56,GK,22.7
Mark,Travers,0,0,0,0,0,0.0,0.0,0.0,0,0,0.0,0,0,0,0.1,42,GK,0.0
Harry,Tyrer,0,0,0,0,0,0.0,0.0,0.0,0,0,0.0,0,0,0,0.1,39,GK,0.0
Jarrad,Branthwaite,1,1,32,678,9,42.8,175.0,75.0,0,108,29.3,1,0,1,0.4,53,DEF,6.0
James,Tarkowski,1,1,146,2880,37,187.0,818.4,310.0,9,538,131.9,11,0,5,12.6,57,DEF,25.6
Vitalii,Mykolenko,0,1,90,2509,36,342.9,485.4,65.0,2,338,89.2,9,0,5,0.7,49,DEF,18.4
Jake,O'Brien,0,3,107,2726,37,247.5,518.0,132.0,2,367,90.1,10,1,2,0.7,49,DEF,21.8
Séamus,Coleman,0,0,3,11,0,0.1,0.0,0.0,0,10,0.0,0,0,0,0.1,42,DEF,0.7
Michael,Keane,3,0,119,2138,31,30.1,652.6,241.0,8,380,92.4,7,1,0,2.9,45,DEF,26.4
Nathan,Patterson,0,0,21,237,1,6.4,63.6,17.0,0,68,8.6,2,0,0,0.0,44,DEF,4.8
Roman,Dixon,0,0,0,0,0,0.0,0.0,0.0,0,0,0.0,0,0,0,0.2,38,DEF,0.0
Reece,Welch,0,0,0,0,0,0.0,0.0,0.0,0,0,0.0,0,0,0,0.1,38,DEF,0.0
Iliman,Ndiaye,6,3,118,2331,33,426.6,556.2,473.0,7,496,145.8,8,0,2,4.8,62,MID,19.0
Dwight,McNeil,0,3,50,1095,7,217.3,129.6,131.0,1,170,47.9,6,0,1,0.2,55,MID,9.1
Carlos,Alcaraz Durán,0,1,26,667,8,144.5,83.0,156.0,0,111,38.4,3,0,3,0.1,52,MID,5.0
Idrissa Gana,Gueye,2,3,81,2009,25,251.2,379.8,200.0,4,407,83.2,5,1,1,0.1,54,MID,15.0
James,Garner,2,6,145,2963,39,785.2,779.4,216.0,13,718,178.3,11,0,9,4.2,53,MID,27.4
Tim,Iroegbunam,0,3,58,1117,11,93.8,195.8,65.0,1,195,35.3,8,0,8,0.0,48,MID,12.1
Harrison,Armstrong,0,0,19,495,10,66.6,58.6,78.0,0,78,20.5,1,0,0,0.1,45,MID,4.2
Callum,Bates,0,0,0,0,0,0.0,0.0,0.0,0,0,0.0,0,0,0,0.1,43,MID,0.0
Coby,Ebere,0,0,0,0,0,0.0,0.0,0.0,0,0,0.0,0,0,0,0.0,44,MID,0.0
Isaac,Heath,0,0,0,0,0,0.0,0.0,0.0,0,0,0.0,0,0,0,0.0,45,MID,0.0
Jenson,Metcalfe,0,0,0,0,0,0.0,0.0,0.0,0,0,0.0,0,0,0,0.0,45,MID,0.0
Thierno,Barry,6,0,78,1662,26,180.8,250.4,424.0,7,229,83.0,7,0,3,0.8,57,FWD,13.7
Norberto Bercique,Gomes Betuncal,8,1,92,1341,16,137.1,390.0,604.0,13,303,111.5,5,0,2,3.5,50,FWD,18.4
Youssef,Ramalho Chermiti,0,0,0,0,0,0.0,0.0,0.0,0,0,0.0,0,0,0,0.1,49,FWD,0.0
Martin,Sherif,0,0,0,0,0,0.0,0.0,0.0,0,0,0.0,0,0,0,0.1,44,FWD,0.0
Jack,Grealish,2,6,79,1627,23,520.5,374.2,397.0,12,356,129.2,7,1,3,5.7,63,MID,12.5
Tom,King,0,0,0,0,0,0.0,0.0,0.0,0,0,0.0,0,0,0,1.2,39,GK,0.0
Adam,Aznou,0,0,0,0,0,0.0,0.0,0.0,0,0,0.0,0,0,0,0.1,42,DEF,0.0
Tyler,Onyango,0,0,0,0,0,0.0,0.0,0.0,0,0,0.0,0,0,0,0.0,45,MID,0.0
Elijah,Campbell,0,0,0,0,0,0.0,0.0,0.0,0,0,0.0,0,0,0,0.1,39,DEF,0.0
Tyler,Dibling,0,0,18,349,2,61.0,46.0,32.0,0,49,13.6,2,0,2,0.0,53,MID,3.4
Merlin,Röhl,0,0,18,358,6,66.2,67.6,32.0,0,48,16.6,2,0,0,0.0,50,MID,3.6
Braiden,Graham,0,0,0,0,0,0.0,0.0,0.0,0,0,0.0,0,0,0,0.0,45,FWD,0.0
Bernd,Leno,0,0,101,2970,46,0.0,711.0,0.0,7,455,70.9,7,0,3,1.9,49,GK,20.6
Steven,Benda,0,0,0,0,0,0.0,0.0,0.0,0,0,0.0,0,0,0,0.0,40,GK,0.0
Antonee,Robinson,0,0,44,1118,14,289.5,272.4,44.0,4,195,60.6,3,0,3,0.8,49,DEF,9.0
Joachim,Andersen,0,1,111,2651,41,117.6,737.6,144.0,5,393,100.3,7,0,7,4.7,45,DEF,24.7
Calvin,Bassey,1,1,86,2082,35,105.3,486.0,111.0,9,296,70.6,5,0,5,0.7,44,DEF,19.5
Timothy,Castagne,0,1,40,1396,26,214.6,300.6,141.0,1,193,65.9,1,0,3,0.1,43,DEF,9.3
Issa,Diop,0,0,13,592,11,5.7,118.0,12.0,0,49,13.6,0,0,2,0.1,43,DEF,3.0
Jorge,Cuenca Barreno,0,0,39,931,11,47.1,244.6,14.0,1,155,30.7,2,0,5,0.1,43,DEF,9.1
Kenny,Tete,1,0,81,1791,25,214.1,416.0,108.0,5,318,73.9,6,0,2,0.3,45,DEF,18.0
Samuel,Amissah,0,0,0,0,0,0.0,0.0,0.0,0,0,0.0,0,0,0,0.1,38,DEF,0.0
Alex,Iwobi,4,3,98,2264,39,684.9,486.2,275.0,13,478,144.7,4,0,3,1.8,63,MID,15.6
Emile,Smith Rowe,3,1,69,1563,23,306.7,262.2,346.0,1,296,91.5,4,0,1,0.5,56,MID,12.3
Andreas,Hoelgebaum Pereira,0,0,0,0,0,0.0,0.0,0.0,0,0,0.0,0,0,0,0.1,53,MID,0.0
Ryan,Sessegnon,2,3,84,1736,29,223.2,368.8,212.0,5,296,80.3,5,0,0,0.2,54,MID,15.6
Harry,Wilson,10,8,157,2431,34,587.9,665.8,573.0,21,594,182.6,8,0,6,22.4,60,MID,26.2
Sander,Berge,0,3,84,2679,44,315.9,415.8,85.0,3,476,82.0,6,0,5,0.1,49,MID,17.1
Tom,Cairney,1,0,32,625,9,138.4,96.0,49.0,1,134,28.4,2,0,3,0.0,48,MID,6.7
Saša,Lukić,1,3,54,1370,17,379.7,255.2,130.0,3,248,76.4,5,0,7,0.1,49,MID,11.0
Martial,Godo,0,0,0,0,0,0.0,0.0,0.0,0,0,0.0,0,0,0,0.0,45,MID,0.0
Luke,Harris,0,0,0,0,0,0.0,0.0,0.0,0,0,0.0,0,0,0,0.0,45,MID,0.0
Josh,King,1,3,59,1195,18,155.0,187.6,299.0,3,196,63.3,5,0,3,1.8,44,MID,13.4
Harrison,Reed,1,0,13,26,1,19.0,38.6,11.0,2,41,6.8,0,0,0,0.3,43,MID,3.0
Raúl,Jiménez Rodríguez,9,5,106,2005,25,303.8,467.8,694.0,7,390,146.0,8,0,5,2.3,61,FWD,17.4
Rodrigo,Muniz Carvalho,1,1,29,719,11,89.4,102.8,216.0,3,78,39.7,2,0,1,0.7,53,FWD,5.5
Oscar,Bobb,0,2,34,813,12,247.8,110.8,159.0,0,145,52.0,3,0,1,0.2,51,MID,6.7
Benjamin,Lecomte,0,0,0,0,0,0.0,0.0,0.0,0,0,0.0,0,0,0,0.7,39,GK,0.0
Samuel,Chukwueze,3,4,54,857,16,279.8,259.2,226.0,1,215,76.2,1,0,0,0.1,53,MID,10.2
Kevin,Santos Lopes de Macedo,1,2,43,898,15,231.6,200.8,206.0,0,158,63.6,4,0,1,0.1,57,MID,7.5
Jonah,Kusi-Asare,0,0,4,30,2,11.4,1.2,8.0,0,11,2.1,0,0,1,0.1,45,FWD,0.9
Seth,Ridgeon,0,0,0,0,0,0.0,0.0,0.0,0,0,0.0,0,0,0,0.0,45,MID,0.0
Alfie,McNally,0,0,0,0,0,0.0,0.0,0.0,0,0,0.0,0,0,0,0.0,40,GK,0.0
Facundo,Buonanotte,0,0,2,69,2,25.7,6.0,19.0,0,5,5.0,0,0,1,0.1,46,MID,0.4
Illan,Meslier,0,0,0,0,0,0.0,0.0,0.0,0,0,0.0,0,0,0,0.3,41,GK,0.0
Alex,Cairns,0,0,0,0,0,0.0,0.0,0.0,0,0,0.0,0,0,0,0.1,39,GK,0.0
Karl,Darlow,0,0,54,1620,22,0.0,414.2,0.0,0,266,41.7,4,0,1,4.8,39,GK,13.8
Jayden,Bogle,1,4,89,2628,42,297.4,392.0,208.0,1,279,90.0,6,0,6,0.6,44,DEF,20.2
Pascal,Struijk,0,1,105,2700,43,157.4,675.0,260.0,4,401,109.3,7,0,4,2.1,43,DEF,24.4
Jaka,Bijol,1,2,80,1549,23,61.5,405.8,229.0,5,256,69.6,4,0,3,1.0,39,DEF,20.5
Sebastiaan,Bornauw,0,0,17,304,4,5.6,78.4,10.0,0,48,9.4,1,0,1,0.1,38,DEF,4.5
Sam,Byram,0,0,1,7,1,0.0,0.0,0.0,0,-2,0.0,0,0,0,0.4,37,DEF,0.3
Gabriel,Gudmundsson,0,0,68,2637,45,363.7,442.6,158.0,8,286,96.4,5,1,4,3.3,38,DEF,17.9
Joe,Rodon,2,0,100,2592,48,87.7,629.0,202.0,5,334,92.2,5,0,1,3.0,39,DEF,25.6
Isaac,Schmidt,0,0,0,0,0,0.0,0.0,0.0,0,0,0.0,0,0,0,0.1,40,DEF,0.0
Brenden,Aaronson,4,8,121,2220,29,441.6,452.4,475.0,5,420,136.8,9,0,2,1.1,54,MID,22.4
Wilfried,Gnonto,0,3,28,442,12,116.4,75.6,53.0,0,116,24.4,1,0,3,0.1,51,MID,5.5
Jack,Harrison,0,0,12,262,5,49.4,30.0,35.0,0,51,11.5,0,0,0,0.0,51,MID,2.4
Daniel,James,0,0,18,405,13,113.3,47.2,103.0,0,72,26.5,1,0,0,0.1,52,MID,3.5
Ethan,Ampadu,1,3,117,2759,44,345.8,539.4,151.0,8,517,104.0,7,0,8,0.4,49,MID,23.9
Sam,Greenwood,0,0,0,0,0,0.0,0.0,0.0,0,0,0.0,0,0,0,0.0,49,MID,0.0
Ilia,Gruev,0,4,56,1318,23,171.0,199.4,64.0,3,245,43.2,5,0,3,0.1,47,MID,11.9
Largie,Ramazani,0,0,0,0,0,0.0,0.0,0.0,0,0,0.0,0,0,0,0.0,49,MID,0.0
Tanaka,Ao,2,0,51,1010,19,274.1,186.6,95.0,2,224,55.5,3,0,1,0.2,48,MID,10.6
Charlie,Crew,0,0,0,0,0,0.0,0.0,0.0,0,0,0.0,0,0,0,0.0,45,MID,0.0
Joe,Gelhardt,0,0,0,0,0,0.0,0.0,0.0,0,0,0.0,0,0,0,0.0,45,MID,0.0
Darko,Gyabi,0,0,0,0,0,0.0,0.0,0.0,0,0,0.0,0,0,0,0.0,45,MID,0.0
Joël,Piroe,0,0,15,216,7,37.9,10.6,96.0,0,37,13.9,1,0,0,0.3,49,FWD,3.1
Patrick,Bamford,0,0,0,0,0,0.0,0.0,0.0,0,0,0.0,0,0,0,0.3,49,FWD,0.0
Mateo,Joseph Fernández-Regatillo,0,0,0,0,0,0.0,0.0,0.0,0,0,0.0,0,0,0,0.0,50,FWD,0.0
Lukas,Nmecha,6,1,68,893,19,105.7,260.8,379.0,8,239,74.5,3,0,0,0.6,50,FWD,13.6
Sean,Longstaff,2,2,53,954,20,370.3,275.8,90.0,5,263,73.6,1,0,2,0.2,48,MID,11.0
Anton,Stach,4,6,122,2135,34,847.6,587.2,286.0,11,498,172.3,6,0,3,1.7,48,MID,25.4
Lucas Estella,Perri,0,0,43,1440,29,0.0,322.4,0.0,3,153,32.2,3,0,2,0.3,44,GK,9.8
Dominic,Calvert-Lewin,11,2,120,2383,31,266.0,514.2,924.0,16,390,169.4,7,0,1,10.6,57,FWD,21.1
Noah,Okafor,7,3,99,1489,26,247.7,397.4,409.0,9,324,105.5,5,0,3,1.3,55,MID,18.0
James,Justin,2,1,81,1533,21,161.8,397.8,189.0,9,279,75.0,5,0,4,1.2,39,DEF,20.8
Harry,Gray,0,0,0,0,0,0.0,0.0,0.0,0,0,0.0,0,0,0,0.1,45,FWD,0.0
Sam,Chambers,0,0,0,0,0,0.0,0.0,0.0,0,0,0.0,0,0,0,0.0,44,MID,0.0
Alisson,Becker,0,0,89,2250,30,0.1,468.4,0.0,8,382,46.7,8,0,1,5.4,54,GK,16.5
Giorgi,Mamardashvili,0,0,31,687,13,0.0,215.6,0.0,2,120,21.5,2,0,0,0.7,41,GK,7.6
Ármin,Pécsi,0,0,0,0,0,0.0,0.0,0.0,0,0,0.0,0,0,0,0.9,38,GK,0.0
Freddie,Woodman,0,0,1,32,0,0.0,9.6,0.0,0,7,1.0,0,0,0,0.5,39,GK,0.3
Jeremie,Frimpong,0,5,58,821,9,214.1,118.0,139.0,1,227,47.2,5,0,1,5.2,57,DEF,10.2
Milos,Kerkez,2,1,80,2030,31,381.4,410.4,137.0,4,338,93.1,6,0,4,3.1,56,DEF,14.3
Andrew,Robertson,0,0,45,939,12,268.7,175.2,102.0,4,182,54.8,4,0,0,1.0,57,DEF,7.9
Virgil,van Dijk,4,1,152,2970,43,197.8,1001.0,424.0,10,532,162.3,10,0,4,34.6,62,DEF,24.5
Ibrahima,Konaté,1,0,121,2660,35,143.0,691.4,96.0,8,487,93.3,10,0,6,4.2,55,DEF,22.0
Conor,Bradley,0,2,42,928,13,105.2,157.4,62.0,2,157,32.3,4,0,5,0.1,49,DEF,8.6
Joe,Gomez,0,2,31,512,12,71.6,114.6,26.0,2,91,21.3,2,0,2,0.1,49,DEF,6.3
Konstantinos,Tsimikas,0,0,0,0,0,0.0,0.0,0.0,0,0,0.0,0,0,0,0.0,48,DEF,0.0
Amara,Nallo,0,0,0,0,0,0.0,0.0,0.0,0,0,0.0,0,0,0,0.9,37,DEF,0.0
Rhys,Williams,0,0,0,0,0,0.0,0.0,0.0,0,0,0.0,0,0,0,0.6,37,DEF,0.0
Calvin,Ramsay,0,0,0,0,0,0.0,0.0,0.0,0,0,0.0,0,0,0,0.3,37,DEF,0.0
Mohamed,Salah,7,6,115,1997,33,693.3,495.8,731.0,10,363,192.0,7,0,1,16.0,140,MID,8.2
Florian,Wirtz,4,4,113,2153,26,857.5,473.4,593.0,16,478,192.3,10,0,1,9.2,83,MID,13.6
Luis,Díaz Marulanda,0,0,0,0,0,0.0,0.0,0.0,0,0,0.0,0,0,0,0.0,80,MID,0.0
Cody,Gakpo,6,5,117,2317,30,654.9,486.8,750.0,5,419,189.0,10,0,2,5.9,73,MID,16.0
Federico,Chiesa,2,1,34,277,7,46.9,119.8,147.0,0,125,31.1,0,0,3,0.3,63,MID,5.4
Alexis,Mac Allister,2,3,87,2204,31,452.3,388.8,304.0,6,401,114.6,7,0,5,2.0,63,MID,13.8
Dominik,Szoboszlai,5,4,133,2782,42,1052.8,722.8,325.0,17,648,210.0,9,1,7,13.4,71,MID,18.7
Curtis,Jones,0,2,59,1477,27,342.6,282.4,185.0,3,335,81.0,3,0,1,0.1,54,MID,10.9
Ryan,Gravenberch,4,5,127,2653,35,438.4,607.6,174.0,14,596,121.7,9,0,5,4.2,55,MID,23.1
Endo,Wataru,0,1,12,170,5,18.1,56.0,6.0,0,49,8.0,1,0,1,0.1,49,MID,2.4
Stefan,Bajčetić Maquieira,0,0,0,0,0,0.0,0.0,0.0,0,0,0.0,0,0,0,0.1,42,MID,0.0
James,McConnell,0,0,0,0,0,0.0,0.0,0.0,0,0,0.0,0,0,0,0.0,44,MID,0.0
Tyler,Morton,0,0,0,0,0,0.0,0.0,0.0,0,0,0.0,0,0,0,0.0,45,MID,0.0
Trey,Nyoni,0,0,5,14,1,12.7,2.4,4.0,0,9,1.8,0,0,0,0.3,43,MID,1.2
Darwin,Núñez Ribeiro,0,0,0,0,0,0.0,0.0,0.0,0,0,0.0,0,0,0,0.1,65,FWD,0.0
Jayden,Danns,0,0,0,0,0,0.0,0.0,0.0,0,0,0.0,0,0,0,0.1,43,FWD,0.0
Alexander,Isak,2,1,32,593,8,38.1,107.6,162.0,2,103,30.0,1,0,0,4.1,103,FWD,3.1
Hugo,Ekitiké,11,4,125,1797,25,307.2,525.8,739.0,22,433,156.2,7,0,0,20.5,91,FWD,13.7
Rio,Ngumoha,2,0,32,304,5,154.3,140.6,162.0,3,148,45.6,2,0,0,1.1,43,MID,7.4
Giovanni,Leoni,0,0,0,0,0,0.0,0.0,0.0,0,0,0.0,0,0,0,0.0,49,DEF,0.0
Kieran,Morrison,0,0,0,0,0,0.0,0.0,0.0,0,0,0.0,0,0,0,0.0,45,MID,0.0
Wellity,Lucky,0,0,0,0,0,0.0,0.0,0.0,0,0,0.0,0,0,0,0.0,40,DEF,0.0
Antoine,Semenyo,15,6,181,2834,48,538.4,816.8,922.0,17,602,227.6,10,0,7,52.1,82,MID,22.1
James,Trafford,0,0,11,270,4,0.0,100.2,0.0,0,62,10.1,1,0,0,0.9,45,GK,2.4
Marc,Guéhi,3,4,158,2790,31,263.9,798.4,382.0,13,605,144.5,12,0,6,33.0,51,DEF,31.0
Ederson,Santana de Moraes,0,0,0,0,0,0.0,0.0,0.0,0,0,0.0,0,0,0,0.8,53,GK,0.0
Marcus,Bettinelli,0,0,0,0,0,0.0,0.0,0.0,0,0,0.0,0,0,0,0.4,38,GK,0.0
Rayan,Aït-Nouri,0,2,53,868,8,184.3,184.6,70.0,9,215,43.9,4,0,2,4.2,57,DEF,9.3
Joško,Gvardiol,2,2,77,1301,13,104.7,354.6,193.0,5,291,65.3,6,0,2,3.2,58,DEF,13.3
Manuel,Akanji,0,0,0,0,0,0.0,0.0,0.0,0,0,0.0,0,0,0,0.3,54,DEF,0.0
Nathan,Aké,0,0,28,488,7,93.1,104.0,25.0,1,117,22.3,2,0,1,0.6,52,DEF,5.4
Abdukodir,Khusanov,0,0,56,1157,9,100.0,246.6,19.0,3,249,36.8,5,0,2,0.5,54,DEF,10.4
Matheus,Nunes,1,8,145,2534,24,490.6,635.6,119.0,16,625,124.8,11,0,4,2.9,53,DEF,27.4
Rúben,dos Santos Gato Alves Dias,2,0,112,2049,20,139.5,549.2,96.0,4,447,78.6,12,0,3,3.2,55,DEF,20.4
John,Stones,0,0,12,351,8,19.6,76.6,2.0,0,45,9.8,1,0,0,0.6,54,DEF,2.2
Rico,Lewis,0,1,19,311,5,97.3,67.4,43.0,2,75,20.7,1,0,1,1.2,46,DEF,4.1
Nico,O'Reilly,5,4,152,2373,21,381.9,617.0,502.0,10,540,150.1,13,0,4,12.6,51,DEF,29.8
Vitor,de Oliveira Nunes dos Reis,0,0,0,0,0,0.0,0.0,0.0,0,0,0.0,0,0,0,0.0,50,DEF,0.0
Omar,Marmoush,1,3,40,566,5,146.4,132.2,229.0,4,122,50.4,3,0,2,2.5,83,MID,4.8
Phil,Foden,7,3,114,1827,16,798.2,513.0,443.0,10,497,175.2,10,0,4,7.8,80,MID,14.2
Sávio,Moreira de Oliveira,0,2,30,602,5,146.3,91.4,259.0,0,101,49.6,2,0,2,0.4,69,MID,4.3
Bernardo,Mota Veiga de Carvalho e Silva,2,4,91,2502,25,717.3,461.2,297.0,4,470,147.7,11,0,9,0.7,62,MID,14.7
Rayan,Cherki,4,11,123,1546,14,879.2,551.0,516.0,16,533,194.8,8,0,1,9.9,64,MID,19.2
Jérémy,Doku,2,8,90,1474,14,663.8,377.2,476.0,9,390,151.5,7,0,0,2.6,64,MID,14.1
İlkay,Gündoğan,0,0,0,0,0,0.0,0.0,0.0,0,0,0.0,0,0,0,0.1,63,MID,0.0
Rodrigo 'Rodri',Hernandez Cascante,1,0,62,1420,14,392.5,341.8,102.0,5,323,83.8,5,0,2,0.5,63,MID,9.8
Mateo,Kovačić,0,0,2,13,0,3.6,4.4,0.0,0,7,0.8,0,0,0,0.0,58,MID,0.3
Nico,González Iglesias,1,0,57,1397,14,200.9,285.8,65.0,1,305,55.1,7,0,6,0.1,59,MID,9.7
Claudio,Echeverri,0,0,0,0,0,0.0,0.0,0.0,0,0,0.0,0,0,0,0.0,54,MID,0.0
Tijjani,Reijnders,5,2,86,1488,16,340.0,339.4,394.0,6,325,106.5,7,0,2,9.1,50,MID,17.2
Sverre,Nypan,0,0,0,0,0,0.0,0.0,0.0,0,0,0.0,0,0,0,0.0,50,MID,0.0
Kalvin,Phillips,0,0,0,0,0,0.0,0.0,0.0,0,0,0.0,0,0,0,0.1,47,MID,0.0
Erling,Haaland,24,7,212,2683,28,282.5,1045.0,1350.0,37,845,267.9,12,0,2,56.7,145,FWD,14.6
Gianluigi,Donnarumma,0,0,119,2700,25,0.0,589.8,0.0,3,506,59.1,13,0,6,9.2,56,GK,21.2
Divine,Mukasa,0,0,2,25,0,28.3,4.2,4.0,0,5,3.7,0,0,0,0.0,44,MID,0.5
Stephen,Mfuni,0,0,0,0,0,0.0,0.0,0.0,0,0,0.0,0,0,0,0.0,39,DEF,0.0
Ryan,McAidoo,0,0,0,0,0,0.0,0.0,0.0,0,0,0.0,0,0,0,0.0,45,MID,0.0
Charlie,Gray,0,0,0,0,0,0.0,0.0,0.0,0,0,0.0,0,0,0,0.0,45,MID,0.0
Reigan,Heskey,0,0,0,0,0,0.0,0.0,0.0,0,0,0.0,0,0,0,0.0,45,MID,0.0
Max,Alleyne,0,0,5,135,1,14.8,34.0,26.0,0,27,7.5,0,0,0,0.0,39,DEF,1.3
Bryan,Mbeumo,9,3,126,2297,33,711.9,547.8,761.0,15,456,202.1,6,0,4,18.2,85,MID,14.8
Altay,Bayındır,0,0,11,540,11,10.0,118.4,0.0,0,49,12.8,0,0,0,0.3,47,GK,2.3
André,Onana,0,0,0,0,0,0.0,0.0,0.0,0,0,0.0,0,0,0,0.1,49,GK,0.0
Elyh,Harrison,0,0,0,0,0,0.0,0.0,0.0,0,0,0.0,0,0,0,0.0,40,GK,0.0
Tom,Heaton,0,0,0,0,0,0.0,0.0,0.0,0,0,0.0,0,0,0,0.4,38,GK,0.0
Dermot,Mee,0,0,0,0,0,0.0,0.0,0.0,0,0,0.0,0,0,0,0.1,39,GK,0.0
Matthijs,de Ligt,1,0,43,1170,20,60.2,276.6,122.0,5,169,45.7,1,0,0,1.8,49,DEF,8.8
Lisandro,Martínez,0,0,36,959,13,80.6,232.4,10.0,3,169,32.5,3,1,0,0.4,48,DEF,7.5
Noussair,Mazraoui,0,0,35,769,9,72.7,151.2,33.0,3,164,25.6,3,0,3,0.2,49,DEF,7.1
Diego,León Blanco,0,0,0,0,0,0.0,0.0,0.0,0,0,0.0,0,0,0,0.1,41,DEF,0.0
Diogo,Dalot Teixeira,1,6,105,2339,35,422.5,485.4,192.0,9,395,110.0,7,0,5,4.5,46,DEF,22.8
Patrick,Dorgu,3,3,74,1329,20,354.1,402.4,262.0,8,261,101.9,3,0,5,2.4,41,DEF,18.0
Harry,Maguire,1,1,63,1199,15,38.2,246.0,116.0,3,204,40.3,5,1,3,1.3,44,DEF,14.3
Luke,Shaw,0,1,88,2797,41,289.9,465.0,70.0,3,357,82.6,7,0,6,0.9,45,DEF,19.6
Leny,Yoro,0,1,53,1696,32,82.8,317.6,124.0,1,184,52.3,2,0,1,1.3,41,DEF,12.9
Harry,Amass,0,0,0,0,0,0.0,0.0,0.0,0,0,0.0,0,0,0,0.1,40,DEF,0.0
Tyler,Fredricson,0,0,1,2,0,0.0,4.0,0.0,0,4,0.4,0,0,0,0.2,37,DEF,0.3
Ayden,Heaven,0,1,39,740,12,27.4,209.2,26.0,3,142,26.2,2,0,2,2.7,37,DEF,10.5
Tyrell,Malacia,0,0,2,7,1,0.5,3.6,0.0,0,2,0.4,0,0,0,0.5,37,DEF,0.5
Bruno,Borges Fernandes,8,19,199,2615,41,1587.9,1095.4,519.0,36,845,320.5,5,0,4,46.2,103,MID,19.3
Matheus,Santos Carneiro da Cunha,8,4,125,2238,31,464.0,577.2,696.0,12,506,174.0,7,0,3,9.5,80,MID,15.6
Marcus,Rashford,0,0,0,0,0,0.0,0.0,0.0,0,0,0.0,0,0,0,0.0,70,MID,0.0
Amad,Diallo,2,4,77,1995,29,542.1,391.2,502.0,6,415,143.7,4,0,2,1.4,62,MID,12.4
Antony,dos Santos,0,0,0,0,0,0.0,0.0,0.0,0,0,0.0,0,0,0,0.1,59,MID,0.0
Mason,Mount,3,0,47,822,14,200.6,165.0,160.0,3,165,52.5,3,0,1,0.3,59,MID,8.0
Carlos Henrique,Casimiro,8,4,148,2315,27,484.4,783.0,518.0,17,569,178.8,9,1,8,3.7,57,MID,26.0
Kobbie,Mainoo,0,2,49,1203,17,290.0,246.6,55.0,0,231,59.3,4,0,1,1.0,47,MID,10.4
Manuel,Ugarte Ribeiro,0,0,38,876,23,83.6,167.2,48.0,0,183,29.8,1,0,1,0.1,47,MID,8.1
Toby,Collyer,0,0,0,0,0,0.0,0.0,0.0,0,0,0.0,0,0,0,0.0,45,MID,0.0
Jayce,Fitzgerald,0,0,0,0,0,0.0,0.0,0.0,0,0,0.0,0,0,0,0.0,43,MID,0.0
Jack,Fletcher,0,0,3,107,0,24.4,18.6,5.0,0,10,4.8,0,0,0,0.1,43,MID,0.7
Sékou,Koné,0,0,0,0,0,0.0,0.0,0.0,0,0,0.0,0,0,0,0.1,43,MID,0.0
Jack,Moorhouse,0,0,0,0,0,0.0,0.0,0.0,0,0,0.0,0,0,0,0.0,45,MID,0.0
Rasmus,Højlund,0,0,0,0,0,0.0,0.0,0.0,0,0,0.0,0,0,0,0.3,63,FWD,0.0
Joshua,Zirkzee,2,1,38,512,8,162.0,154.0,195.0,6,134,50.7,1,0,1,0.4,58,FWD,6.6
Chido,Obi,0,0,0,0,0,0.0,0.0,0.0,0,0,0.0,0,0,0,1.4,42,FWD,0.0
Ethan,Wheatley,0,0,0,0,0,0.0,0.0,0.0,0,0,0.0,0,0,0,0.1,45,FWD,0.0
Benjamin,Sesko,9,2,98,1498,29,142.2,414.0,725.0,17,344,127.2,2,0,2,6.1,73,FWD,13.4
Senne,Lammens,0,0,88,2430,34,0.0,511.0,2.0,9,330,51.3,6,0,0,3.2,51,GK,17.3
Shea,Lacey,0,0,2,12,0,1.5,4.0,11.0,0,8,1.5,0,0,0,0.0,45,MID,0.4
Bendito,Mantato,0,0,1,15,0,11.7,2.2,0.0,0,3,1.4,0,0,0,0.0,45,MID,0.2
Tyler,Fletcher,0,0,1,1,0,1.0,0.4,0.0,0,3,0.1,0,0,0,0.0,44,MID,0.2
Godwill,Kukonki,0,0,0,0,0,0.0,0.0,0.0,0,0,0.0,0,0,0,0.0,40,DEF,0.0
Jim,Thwaites,0,0,0,0,0,0.0,0.0,0.0,0,0,0.0,0,0,0,0.0,45,MID,0.0
Jacob,Ramsey,2,1,42,1141,26,259.1,215.0,141.0,1,212,61.5,1,1,3,0.2,53,MID,7.9
Yoane,Wissa,1,0,21,423,9,35.8,54.0,139.0,0,64,22.1,1,0,1,0.6,73,FWD,2.9
Nick,Pope,0,1,82,1966,32,0.0,505.8,35.0,3,336,54.1,7,0,1,4.3,50,GK,16.4
Mark,Gillespie,0,0,0,0,0,0.0,0.0,0.0,0,0,0.0,0,0,0,0.1,39,GK,0.0
Odysseas,Vlachodimos,0,0,0,0,0,0.0,0.0,0.0,0,0,0.0,0,0,0,0.0,40,GK,0.0
Lewis,Hall,1,2,74,1884,35,362.3,488.0,155.0,4,311,100.5,4,0,3,3.9,54,DEF,13.7
Fabian,Schär,0,0,51,1089,13,63.6,291.2,108.0,0,186,46.4,4,0,1,1.1,52,DEF,9.8
Sven,Botman,1,1,70,1384,21,72.4,427.2,163.0,6,258,66.3,5,0,2,0.4,49,DEF,14.3
Dan,Burn,0,3,79,1827,31,88.9,423.0,122.0,5,232,63.5,6,1,7,3.4,50,DEF,15.8
Tino,Livramento,0,1,59,1326,14,199.7,219.4,42.0,3,252,46.1,6,0,1,1.9,49,DEF,12.0
Kieran,Trippier,0,1,51,1501,26,465.0,274.6,14.0,2,211,75.3,5,0,3,1.4,49,DEF,10.4
Emil,Krafth,0,0,0,45,2,1.2,1.4,0.0,0,-8,0.3,0,0,0,0.0,43,DEF,0.0
Jamaal,Lascelles,0,0,1,19,2,0.0,10.2,7.0,0,0,1.7,0,0,0,0.0,43,DEF,0.2
Alex,Murphy,0,0,1,1,1,0.0,2.2,0.0,0,-1,0.2,0,0,0,0.7,38,DEF,0.3
Harrison,Ashby,0,0,0,0,0,0.0,0.0,0.0,0,0,0.0,0,0,0,0.1,39,DEF,0.0
Miodrag,Pivaš,0,0,0,0,0,0.0,0.0,0.0,0,0,0.0,0,0,0,0.4,38,DEF,0.0
Matt,Targett,0,0,0,0,0,0.0,0.0,0.0,0,0,0.0,0,0,0,0.1,40,DEF,0.0
Anthony,Gordon,6,4,101,1798,30,404.2,393.8,514.0,10,352,130.9,8,1,3,6.3,74,MID,13.6
Anthony,Elanga,0,1,45,1269,27,265.5,129.4,179.0,0,171,57.1,2,0,0,2.7,65,MID,6.9
Harvey,Barnes,5,0,86,1757,28,318.4,302.0,605.0,8,271,122.1,5,0,1,1.1,61,MID,14.1
Bruno,Guimarães Rodriguez Moura,9,6,135,2047,32,650.2,693.4,398.0,19,592,174.3,6,0,5,4.4,68,MID,19.9
Jacob,Murphy,3,1,67,1354,17,337.6,278.2,323.0,2,265,92.8,7,0,2,0.6,59,MID,11.4
Joelinton Cássio,Apolinário de Lira,2,1,67,1770,25,262.6,304.6,311.0,2,281,87.9,5,0,10,0.3,59,MID,11.4
Sandro,Tonali,0,2,75,2212,35,460.4,351.2,173.0,2,418,98.8,7,0,3,1.1,53,MID,14.2
Antoñito,Cordero Campillo,0,0,0,0,0,0.0,0.0,0.0,0,0,0.0,0,0,0,0.0,49,MID,0.0
Joe,Willock,0,1,28,693,13,147.8,96.2,112.0,0,114,35.5,3,0,3,0.1,50,MID,5.6
Isaac,Hayden,0,0,0,0,0,0.0,0.0,0.0,0,0,0.0,0,0,0,0.0,45,MID,0.0
Garang,Kuol,0,0,0,0,0,0.0,0.0,0.0,0,0,0.0,0,0,0,0.0,44,MID,0.0
Lewis,Miley,1,4,68,1313,20,236.3,314.6,134.0,5,310,68.5,2,0,0,1.9,44,MID,15.5
Joe,White,0,0,0,0,0,0.0,0.0,0.0,0,0,0.0,0,0,0,0.0,45,MID,0.0
William,Osula,4,1,48,454,10,30.6,148.0,167.0,7,172,34.4,1,0,0,0.5,54,FWD,8.9
Sean,Neave,0,0,0,0,0,0.0,0.0,0.0,0,0,0.0,0,0,0,0.3,43,FWD,0.0
Aaron,Ramsdale,0,0,25,1003,17,10.0,212.8,0.0,1,107,22.3,1,0,2,0.8,48,GK,5.2
Malick,Thiaw,4,0,117,2513,46,106.5,764.6,370.0,12,382,123.8,5,0,4,6.0,51,DEF,22.9
Seung-Soo,Park,0,0,0,0,0,0.0,0.0,0.0,0,0,0.0,0,0,0,0.5,43,MID,0.0
Nick,Woltemade,7,4,95,1670,27,206.9,390.0,392.0,10,336,97.8,7,0,0,6.6,67,FWD,14.2
John,Ruddy,0,0,0,0,0,0.0,0.0,0.0,0,0,0.0,0,0,0,0.0,40,GK,0.0
Leo,Shahar,0,0,0,0,0,0.0,0.0,0.0,0,0,0.0,0,0,0,0.0,40,DEF,0.0
Sam,Alabi,0,0,0,0,0,0.0,0.0,0.0,0,0,0.0,0,0,0,0.0,45,MID,0.0
Oleksandr,Zinchenko,0,0,7,352,6,83.4,80.8,22.0,0,56,18.6,0,0,0,0.2,49,DEF,1.4
Stefan,Ortega Moreno,0,0,11,270,4,0.0,68.6,0.0,0,38,6.9,1,0,0,0.2,47,GK,2.3
James,McAtee,0,0,9,173,8,45.5,17.6,12.0,0,32,7.6,0,0,1,0.1,50,MID,1.8
Matz,Sels,0,0,82,2217,33,10.0,550.6,0.0,3,337,56.1,6,0,2,5.0,46,GK,17.8
Carlos Miguel,dos Santos Pereira,0,0,0,0,0,0.0,0.0,0.0,0,0,0.0,0,0,0,0.1,40,GK,0.0
Matt,Turner,0,0,0,0,0,0.0,0.0,0.0,0,0,0.0,0,0,0,0.1,40,GK,0.0
Nikola,Milenković,0,1,103,2970,45,41.8,579.6,108.0,2,353,73.2,8,0,6,3.4,51,DEF,20.2
Murillo,Costa dos Santos,1,0,83,2130,29,115.5,542.2,82.0,3,333,74.0,6,0,5,2.1,52,DEF,16.0
Ola,Aina,0,1,58,1497,19,159.4,267.8,57.0,5,233,48.6,5,0,3,2.4,47,DEF,12.3
Neco,Williams,2,3,117,2798,42,513.1,718.8,343.0,15,482,157.4,8,1,5,4.7,48,DEF,24.4
David,Mota Veiga Teixeira do Carmo,0,0,0,0,0,0.0,0.0,0.0,0,0,0.0,0,0,0,0.0,45,DEF,0.0
Jair,Paula da Cunha Filho,0,0,6,262,5,2.4,62.0,10.0,0,24,7.3,0,0,0,0.1,42,DEF,1.4
Felipe,Rodrigues da Silva,0,0,36,940,17,21.0,235.0,59.0,1,148,31.5,2,0,4,0.1,43,DEF,8.4
Omar,Richards,0,0,0,0,0,0.0,0.0,0.0,0,0,0.0,0,0,0,0.0,45,DEF,0.0
Zach,Abbott,0,0,2,120,4,6.3,25.4,0.0,0,1,3.2,0,0,0,0.3,38,DEF,0.5
Willy,Boly,0,0,0,0,0,0.0,0.0,0.0,0,0,0.0,0,0,0,0.3,38,DEF,0.0
Morgan,Gibbs-White,12,2,155,2811,41,670.0,678.2,720.0,14,597,206.6,9,0,1,8.4,75,MID,20.7
Callum,Hudson-Odoi,3,4,88,1838,26,611.7,366.6,330.0,8,358,130.6,6,0,0,0.7,57,MID,15.4
Elliot,Anderson,2,3,144,2953,44,862.3,729.6,253.0,10,662,184.8,9,0,6,7.3,56,MID,25.7
João Pedro,Ferreira da Silva,0,0,1,11,0,0.5,5.0,4.0,0,6,1.0,0,0,0,0.0,54,MID,0.2
Nicolás,Domínguez,1,1,43,939,18,170.5,216.0,126.0,3,188,51.3,3,0,2,0.0,50,MID,8.6
Lewis,O'Brien,0,0,0,0,0,0.0,0.0,0.0,0,0,0.0,0,0,0,0.0,50,MID,0.0
Ibrahim,Sangaré,2,2,83,1944,24,200.3,397.4,126.0,2,340,72.5,8,0,5,0.1,49,MID,16.9
Ryan,Yates,0,2,25,419,5,65.3,98.6,38.0,0,102,20.0,0,0,1,0.1,47,MID,5.3
Eric,da Silva Moreira,0,0,0,0,0,0.0,0.0,0.0,0,0,0.0,0,0,0,0.1,45,MID,0.0
Marko,Stamenić,0,0,0,0,0,0.0,0.0,0.0,0,0,0.0,0,0,0,0.0,45,MID,0.0
Chris,Wood,2,0,28,638,9,64.7,77.6,201.0,3,93,33.3,1,0,0,4.5,71,FWD,3.9
Igor Jesus,Maciel da Cruz,4,4,90,1927,32,186.7,299.0,586.0,10,310,104.8,8,0,0,1.6,58,FWD,15.5
Taiwo,Awoniyi,2,0,20,268,2,41.9,85.4,151.0,1,81,27.3,0,0,1,0.3,52,FWD,3.8
Dan,Ndoye,1,2,50,1167,17,217.7,166.4,180.0,4,178,56.6,2,0,1,0.7,55,MID,9.1
Angus,Gunn,0,0,1,45,0,0.0,1.2,0.0,0,4,0.1,0,0,0,1.1,40,GK,0.2
Omari,Hutchinson,1,6,70,1428,19,435.5,282.6,312.0,3,279,102.8,5,0,1,0.1,54,MID,13.0
Arnaud,Kalimuendo,0,0,9,89,3,17.7,6.8,39.0,0,24,6.3,0,0,0,0.1,60,FWD,1.5
John Victor,Maciel Furtado,0,0,11,437,8,0.0,56.4,0.0,0,32,5.7,1,0,1,0.3,40,GK,2.8
Nicolò,Savona,2,0,39,1025,18,123.2,216.6,94.0,0,131,43.5,3,0,2,0.1,45,DEF,8.7
Luis Eduardo,Soares da Silva,0,0,0,0,0,0.0,0.0,0.0,0,0,0.0,0,0,0,0.0,45,DEF,0.0
Dilane,Bakwa,0,1,15,387,9,129.7,55.0,82.0,0,60,26.3,0,0,1,0.0,59,MID,2.5
Lorenzo,Lucca,1,0,8,119,1,12.7,37.2,31.0,0,34,7.9,1,0,0,0.0,54,FWD,1.5
Luca,Netz,0,0,2,48,0,1.7,7.8,2.0,0,8,1.1,0,0,0,0.0,45,DEF,0.4
Anthony,Patterson,0,0,0,0,0,0.0,0.0,0.0,0,0,0.0,0,0,0,0.1,42,GK,0.0
Simon,Moore,0,0,0,0,0,0.0,0.0,0.0,0,0,0.0,0,0,0,0.3,39,GK,0.0
Blondy,Nna Noukeu,0,0,0,0,0,0.0,0.0,0.0,0,0,0.0,0,0,0,0.1,39,GK,0.0
Daniel,Ballard,2,2,118,2031,29,178.5,643.6,353.0,9,359,117.6,6,0,4,3.3,47,DEF,25.1
Trai,Hume,1,1,95,2614,34,301.6,452.4,210.0,6,331,95.5,8,0,9,0.3,45,DEF,21.1
Aji,Alese,0,0,0,0,0,0.0,0.0,0.0,0,0,0.0,0,0,0,0.0,40,DEF,0.0
Joe,Anderson,0,0,0,0,0,0.0,0.0,0.0,0,0,0.0,0,0,0,0.3,38,DEF,0.0
Dennis,Cirkin,0,0,14,301,2,8.9,58.2,8.0,0,44,7.1,1,0,1,0.0,40,DEF,3.5
Leo Fuhr,Hjelde,0,0,0,0,0,0.0,0.0,0.0,0,0,0.0,0,0,0,0.0,40,DEF,0.0
Niall,Huggins,0,0,0,0,0,0.0,0.0,0.0,0,0,0.0,0,0,0,0.1,40,DEF,0.0
Zak,Johnson,0,0,0,0,0,0.0,0.0,0.0,0,0,0.0,0,0,0,0.2,38,DEF,0.0
Luke,O'Nien,0,0,16,408,5,6.6,52.6,12.0,0,58,7.1,2,1,1,0.1,40,DEF,4.0
Timothée,Pembélé,0,0,0,0,0,0.0,0.0,0.0,0,0,0.0,0,0,0,0.3,39,DEF,0.0
Reinildo,Mandava,0,2,59,1580,23,111.7,311.8,39.0,6,207,46.4,5,1,7,3.1,38,DEF,15.5
Jenson,Seelt,0,0,2,133,2,2.4,33.6,0.0,0,11,3.6,0,0,0,0.1,40,DEF,0.5
Simon,Adingra,1,1,34,649,8,116.8,81.4,75.0,3,81,27.0,4,0,2,0.3,49,MID,6.9
Habib,Diarra,2,5,59,1279,15,119.0,143.6,207.0,3,189,45.9,5,0,4,0.1,53,MID,11.1
Patrick,Roberts,0,0,1,27,1,7.3,1.8,5.0,0,4,1.4,0,0,0,0.0,54,MID,0.2
Milan,Aleksić,0,0,0,0,0,0.0,0.0,0.0,0,0,0.0,0,0,0,0.0,49,MID,0.0
Enzo,Le Fée,4,5,120,2480,35,643.7,593.2,231.0,10,499,147.0,9,0,5,1.3,48,MID,25.0
Romaine,Mundle,0,0,14,399,11,33.6,29.4,69.0,0,42,12.7,0,0,1,0.0,49,MID,2.9
Dan,Neil,0,0,3,13,0,1.4,3.0,0.0,0,10,0.4,0,0,0,0.0,48,MID,0.6
Ian,Poveda-Ocampo,0,0,0,0,0,0.0,0.0,0.0,0,0,0.0,0,0,0,0.0,47,MID,0.0
Chris,Rigg,1,0,30,699,7,129.5,90.0,82.0,1,115,30.1,3,0,1,0.1,47,MID,6.4
Noah,Sadiki,0,2,68,2474,34,262.4,318.0,122.0,0,354,70.4,8,0,8,0.1,49,MID,13.9
Chemsdine,Talbi,4,2,77,1355,13,196.7,228.0,217.0,6,233,63.7,6,0,0,0.2,49,MID,15.7
Abdoullah,Ba,0,0,0,0,0,0.0,0.0,0.0,0,0,0.0,0,0,0,0.3,43,MID,0.0
Alan,Browne,0,0,0,0,0,0.0,0.0,0.0,0,0,0.0,0,0,0,0.0,45,MID,0.0
Pierre,Ekwah Elimby,0,0,0,0,0,0.0,0.0,0.0,0,0,0.0,0,0,0,0.0,45,MID,0.0
Harrison,Jones,0,0,0,0,0,0.0,0.0,0.0,0,0,0.0,0,0,0,0.1,43,MID,0.0
Jay,Matete,0,0,0,0,0,0.0,0.0,0.0,0,0,0.0,0,0,0,0.2,43,MID,0.0
Nectarios,Triantis,0,0,0,0,0,0.0,0.0,0.0,0,0,0.0,0,0,0,0.0,44,MID,0.0
Wilson,Isidor,5,1,66,1063,16,24.3,200.8,401.0,7,224,62.5,4,0,1,1.4,50,FWD,13.2
Eliezer,Mayenda Dossou,2,0,39,750,9,53.8,117.6,188.0,5,121,35.5,3,0,0,0.5,52,FWD,7.5
Ahmed,Abdullahi,0,0,0,0,0,0.0,0.0,0.0,0,0,0.0,0,0,0,0.4,42,FWD,0.0
Luís Hemir,Silva Semedo,0,0,0,0,0,0.0,0.0,0.0,0,0,0.0,0,0,0,0.1,44,FWD,0.0
Nazarii,Rusyn,0,0,0,0,0,0.0,0.0,0.0,0,0,0.0,0,0,0,0.1,44,FWD,0.0
Granit,Xhaka,1,5,106,2451,31,492.0,589.0,92.0,5,511,117.3,8,0,5,3.3,51,MID,20.8
Robin,Roefs,0,0,122,2700,38,40.0,779.4,0.0,12,515,81.8,9,0,3,8.9,48,GK,25.4
Arthur,Masuaku,0,0,1,125,2,20.1,21.8,7.0,0,4,4.9,0,0,1,0.5,39,DEF,0.3
Omar,Alderete,1,1,112,2505,34,135.8,703.6,233.0,5,378,107.6,9,0,6,5.9,41,DEF,27.3
Nordi,Mukiele,2,5,128,2334,32,305.4,617.4,166.0,10,426,108.9,8,0,5,8.9,45,DEF,28.4
Lutsharel,Geertruida,0,0,46,1411,21,116.1,238.0,67.0,0,190,42.1,2,0,1,0.1,45,DEF,10.2
Brian,Brobbey,6,1,75,1533,22,135.1,279.4,426.0,11,256,82.5,5,0,5,1.2,53,FWD,14.2
Bertrand,Traoré,1,1,30,634,9,108.4,115.6,135.0,1,118,35.9,3,0,1,0.0,55,MID,5.5
Jenson,Jones,0,0,0,0,0,0.0,0.0,0.0,0,0,0.0,0,0,0,0.0,40,DEF,0.0
Tymur,Tutierov,0,0,0,0,0,0.0,0.0,0.0,0,0,0.0,0,0,0,0.0,45,MID,0.0
Djiamgone Jocelin Ta,Bi,0,0,1,38,0,4.3,3.4,2.0,0,4,1.0,0,0,0,0.0,49,MID,0.2
Melker,Ellborg,0,0,16,270,2,0.0,73.6,0.0,3,62,7.4,1,0,0,0.1,40,GK,4.0
Nilson,Angulo,0,0,9,254,4,28.3,36.2,62.0,0,27,12.6,1,0,0,0.0,50,MID,1.8
Jack,Whittaker,0,0,0,0,0,0.0,0.0,0.0,0,0,0.0,0,0,0,0.0,45,MID,0.0
Jaydon,Jones,0,0,0,0,0,0.0,0.0,0.0,0,0,0.0,0,0,0,0.0,45,MID,0.0
Guglielmo,Vicario,0,0,90,2790,50,10.1,709.2,0.0,6,412,72.2,7,0,1,5.0,47,GK,19.1
Brandon,Austin,0,0,0,0,0,0.0,0.0,0.0,0,0,0.0,0,0,0,0.3,39,GK,0.0
Antonín,Kinský,0,0,3,180,3,0.0,27.0,0.0,0,15,2.7,0,0,0,1.9,39,GK,0.8
Pedro,Porro Sauceda,1,3,94,2343,36,677.1,564.0,179.0,5,398,142.2,7,0,7,11.2,51,DEF,18.4
Cristian,Romero,4,1,91,1869,33,133.6,574.8,223.0,10,305,93.2,5,2,9,3.0,50,DEF,18.2
Kevin,Danso,0,0,41,1039,21,13.0,292.2,42.0,1,136,34.8,2,0,5,0.2,42,DEF,9.8
Ben,Davies,1,0,10,136,3,22.2,67.4,52.0,1,29,14.2,0,0,1,0.1,43,DEF,2.3
Radu,Drăgușin,0,0,15,513,13,3.2,122.2,27.0,0,26,15.3,0,0,0,0.0,45,DEF,3.3
Djed,Spence,0,0,61,1820,30,202.2,264.0,172.0,1,219,63.7,7,0,4,0.9,41,DEF,14.9
Destiny,Udogie,0,1,18,1004,21,157.7,167.6,90.0,0,77,41.6,0,0,3,0.3,43,DEF,4.2
Micky,van de Ven,4,1,100,2591,46,91.7,626.4,210.0,10,353,92.7,7,1,8,18.2,44,DEF,22.7
Ashley,Phillips,0,0,0,0,0,0.0,0.0,0.0,0,0,0.0,0,0,0,0.0,40,DEF,0.0
Takai,Kōta,0,0,0,0,0,0.0,0.0,0.0,0,0,0.0,0,0,0,0.0,40,DEF,0.0
Luka,Vušković,0,0,0,0,0,0.0,0.0,0.0,0,0,0.0,0,0,0,0.3,39,DEF,0.0
Son,Heung-min,0,0,0,0,0,0.0,0.0,0.0,0,0,0.0,0,0,0,0.1,85,MID,0.0
James,Maddison,0,0,0,0,0,0.0,0.0,0.0,0,0,0.0,0,0,0,0.1,68,MID,0.0
Mohammed,Kudus,2,6,75,1535,20,413.8,333.4,302.0,7,257,104.7,7,0,3,9.2,64,MID,11.7
Dejan,Kulusevski,0,0,0,0,0,0.0,0.0,0.0,0,0,0.0,0,0,0,0.0,64,MID,0.0
Mathys,Tel,3,1,58,953,20,319.1,218.8,254.0,5,202,79.4,1,0,0,0.1,62,MID,9.4
Rodrigo,Bentancur,1,1,68,1473,22,160.5,279.6,88.0,3,290,53.1,5,0,5,0.2,52,MID,13.1
Lucas,Bergvall,1,3,46,918,17,105.0,163.6,141.0,0,152,40.7,3,0,2,0.2,52,MID,8.8
Yves,Bissouma,0,0,13,516,16,20.6,83.8,23.0,0,85,12.6,0,0,4,0.0,52,MID,2.5
Wilson,Odobert,0,2,46,972,13,284.3,158.8,234.0,6,176,67.6,2,0,0,0.0,53,MID,8.7
Manor,Solomon,0,0,0,0,0,0.0,0.0,0.0,0,0,0.0,0,0,0,0.0,54,MID,0.0
Bryan,Gil Salvatierra,0,0,0,0,0,0.0,0.0,0.0,0,0,0.0,0,0,0,0.0,49,MID,0.0
Archie,Gray,2,2,60,1463,28,138.1,257.2,158.0,6,235,55.3,5,0,5,0.2,48,MID,12.5
Mikey,Moore,0,0,0,0,0,0.0,0.0,0.0,0,0,0.0,0,0,0,0.0,50,MID,0.0
Pape Matar,Sarr,2,3,66,1349,22,151.6,314.8,152.0,2,293,62.0,3,0,2,1.1,45,MID,14.7
Yang,Min-hyeok,0,0,0,0,0,0.0,0.0,0.0,0,0,0.0,0,0,0,0.0,45,MID,0.0
Callum,Olusesi,0,0,1,14,0,1.8,0.6,0.0,0,3,0.2,0,0,0,0.2,43,MID,0.2
Dominic,Solanke-Mitchell,3,0,39,958,21,80.5,193.4,331.0,4,178,60.4,0,0,1,2.0,72,FWD,5.4
Richarlison,de Andrade,9,3,95,1562,24,191.3,488.6,662.0,13,426,133.6,5,0,5,5.7,63,FWD,15.1
Will,Lankshear,0,0,0,0,0,0.0,0.0,0.0,0,0,0.0,0,0,0,0.0,45,FWD,0.0
Dane,Scarlett,0,0,2,7,0,4.1,1.0,2.0,0,5,0.7,0,0,0,0.5,43,FWD,0.5
João Maria,Lobo Alves Palhares Costa Palhinha Gonçalves,3,3,96,1826,33,116.3,501.8,187.0,11,405,80.8,4,0,6,0.8,55,MID,17.5
Xavi,Simons,2,5,77,1685,36,505.5,345.4,243.0,7,335,109.4,3,1,5,2.6,65,MID,11.8
Randal,Kolo Muani,1,1,45,1369,28,237.4,152.4,225.0,1,131,60.5,3,0,2,0.4,69,FWD,6.5
Jun'ai,Byfield,0,0,1,1,0,0.5,0.4,0.0,0,3,0.1,0,0,0,0.0,40,DEF,0.2
James,Rowswell,0,0,1,1,0,0.0,0.0,0.0,0,3,0.0,0,0,0,0.0,40,DEF,0.2
Yusuf,Akhamrich,0,0,0,0,0,0.0,0.0,0.0,0,0,0.0,0,0,0,0.0,45,MID,0.0
Lucá,Williams-Barnett,0,0,0,0,0,0.0,0.0,0.0,0,0,0.0,0,0,0,0.0,45,MID,0.0
Conor,Gallagher,0,1,24,742,19,134.7,107.2,108.0,0,126,35.0,0,0,0,0.1,50,MID,4.8
João Victor,de Souza Menezes,0,0,3,142,3,31.9,12.8,17.0,0,0,6.2,0,0,1,0.0,40,DEF,0.8
Rio,Kyerematen,0,0,0,0,0,0.0,0.0,0.0,0,0,0.0,0,0,0,0.0,45,MID,0.0
James,Wilson,0,0,0,0,0,0.0,0.0,0.0,0,0,0.0,0,0,0,0.0,45,FWD,0.0
Adama,Traoré Diarra,0,0,24,360,11,68.5,29.2,68.0,0,71,16.0,0,0,1,0.2,51,MID,4.7
Alphonse,Areola,0,1,51,1800,37,10.0,570.4,0.0,2,220,57.9,0,0,0,2.0,42,GK,12.1
Wes,Foderingham,0,0,0,0,0,0.0,0.0,0.0,0,0,0.0,0,0,0,0.2,40,GK,0.0
Krisztián,Hegyi,0,0,0,0,0,0.0,0.0,0.0,0,0,0.0,0,0,0,0.2,39,GK,0.0
El Hadji Malick,Diouf,0,6,93,2273,40,329.6,477.6,89.0,3,310,89.8,8,0,5,2.7,41,DEF,22.7
Emerson,Palmieri dos Santos,0,0,0,0,0,0.0,0.0,0.0,0,0,0.0,0,0,0,0.0,44,DEF,0.0
Maximilian,Kilman,0,0,36,1559,37,55.8,392.4,60.0,0,80,50.9,1,0,4,0.1,41,DEF,8.8
Konstantinos,Mavropanos,3,0,104,2082,36,52.0,657.6,276.0,5,321,98.6,5,0,2,2.0,44,DEF,23.6
Nayef,Aguerd,0,0,3,180,8,3.9,39.0,8.0,0,-1,5.1,0,0,0,0.0,44,DEF,0.7
Ollie,Scarles,0,1,21,654,16,71.7,138.2,22.0,0,86,23.2,0,0,1,0.0,43,DEF,4.9
Jean-Clair,Todibo,0,1,44,1701,34,65.5,370.6,24.0,1,161,46.1,1,1,4,0.1,43,DEF,10.2
Aaron,Wan-Bissaka,0,3,63,1903,39,289.7,406.6,30.0,0,190,73.0,3,0,4,4.5,41,DEF,15.4
Kaelan,Casey,0,0,0,0,0,0.0,0.0,0.0,0,0,0.0,0,0,0,0.1,40,DEF,0.0
Lucas,Tolentino Coelho de Lima,4,2,69,1513,33,397.2,374.6,186.0,8,291,95.7,3,1,5,1.1,59,MID,11.7
Tomáš,Souček,4,2,85,1768,36,153.8,429.6,354.0,6,340,93.9,6,1,2,0.3,57,MID,14.9
Crysencio,Summerville,5,3,98,2023,34,348.1,379.6,496.0,10,343,122.1,7,0,4,1.4,55,MID,17.8
Edson,Álvarez Velázquez,0,0,0,0,0,0.0,0.0,0.0,0,0,0.0,0,0,0,0.0,49,MID,0.0
Maxwel,Cornet,0,0,0,0,0,0.0,0.0,0.0,0,0,0.0,0,0,0,0.0,49,MID,0.0
Guido,Rodríguez,0,0,8,175,2,6.0,9.8,2.0,0,30,1.7,1,0,1,0.0,48,MID,1.7
Luis Guilherme,Lira dos Santos,0,0,5,121,2,14.5,9.2,4.0,0,11,2.5,0,0,0,0.0,49,MID,1.0
George,Earthy,0,0,1,8,1,1.5,0.0,2.0,0,3,0.4,0,0,0,0.0,45,MID,0.2
Andy,Irving,0,0,9,156,4,52.3,31.6,2.0,0,49,8.6,0,0,0,0.2,43,MID,2.1
Lewis,Orford,0,0,0,0,0,0.0,0.0,0.0,0,0,0.0,0,0,0,0.1,44,MID,0.0
Freddie,Potts,0,1,36,1151,24,140.8,185.8,37.0,0,212,36.5,1,0,1,0.5,43,MID,8.4
Jarrod,Bowen,8,10,159,2959,55,564.5,748.6,731.0,23,616,204.4,7,0,4,14.0,77,FWD,20.6
Niclas,Füllkrug,0,0,12,407,11,85.1,26.0,130.0,0,28,23.8,1,0,0,0.6,56,FWD,2.1
Callum,Marshall,0,0,2,58,2,0.1,1.2,7.0,0,0,0.8,0,0,0,0.5,43,FWD,0.5
Kyle,Walker-Peters,1,0,44,1134,22,118.4,242.6,104.0,0,185,46.6,3,0,2,0.3,42,DEF,10.5
Callum,Wilson,5,2,67,1060,19,95.8,228.2,406.0,7,230,71.8,1,0,0,0.5,58,FWD,11.6
Mads,Hermansen,0,0,58,1170,20,10.0,311.6,0.0,8,217,32.2,6,0,0,1.0,42,GK,13.8
Mateus Gonçalo,Espanha Fernandes,3,3,114,2567,42,535.0,546.8,114.0,6,565,119.7,7,0,7,0.4,55,MID,20.7
Soungoutou,Magassa,1,0,41,969,23,83.1,181.4,44.0,2,182,30.9,2,0,4,0.0,50,MID,8.2
Lukasz,Fabianski,0,0,0,0,0,0.0,0.0,0.0,0,0,0.0,0,0,0,0.0,45,GK,0.0
Ezra,Mayers,0,0,6,113,3,34.9,21.8,9.0,0,18,6.6,0,0,0,0.0,40,DEF,1.5
Airidas,Golambeckis,0,0,0,0,0,0.0,0.0,0.0,0,0,0.0,0,0,0,0.0,40,DEF,0.0
Mohamadou,Kanté,0,0,8,38,0,12.9,15.6,12.0,0,28,3.7,0,0,1,0.0,45,MID,1.8
Pablo Felipe,Pereira de Jesus,0,1,19,554,7,100.2,71.2,68.0,0,68,24.0,2,0,0,0.0,54,FWD,3.5
Valentín,Castellanos,4,1,44,1025,13,152.1,198.2,347.0,3,171,68.5,6,0,3,0.2,55,FWD,8.0
Keiber,Lamadrid,0,0,0,0,0,0.0,0.0,0.0,0,0,0.0,0,0,0,0.0,50,MID,0.0
Axel,Disasi,0,0,36,810,9,14.8,147.0,80.0,1,145,24.2,5,0,0,0.2,45,DEF,8.0
Finlay,Herrick,0,0,0,0,0,0.0,0.0,0.0,0,0,0.0,0,0,0,0.0,40,GK,0.0
Sam,Johnstone,0,0,21,1080,24,0.1,308.0,0.0,0,117,30.8,0,0,0,0.1,44,GK,4.8
José,Malheiro de Sá,0,0,57,1800,34,10.0,432.8,0.0,6,255,44.6,4,0,2,1.2,42,GK,13.6
Daniel,Bentley,0,0,2,90,3,0.0,27.6,0.0,0,5,2.8,0,0,0,0.5,39,GK,0.5
Emmanuel,Agbadou,0,0,23,1100,29,76.0,312.2,75.0,0,86,46.4,0,1,1,0.1,42,DEF,5.5
Matt,Doherty,0,0,12,702,14,50.8,116.2,18.0,0,47,18.6,1,0,4,0.1,44,DEF,2.7
Hugo,Bueno López,1,2,73,2126,40,596.0,494.8,154.0,4,287,124.8,4,0,2,0.2,43,DEF,17.0
Yerson,Mosquera Valdelamar,0,0,51,1777,34,136.5,355.0,219.0,3,196,71.1,4,0,11,0.1,43,DEF,11.9
Rodrigo,Martins Gomes,3,0,36,651,15,65.8,171.6,188.0,0,74,42.6,0,0,0,0.1,44,DEF,8.2
Santiago,Ignacio Bueno,2,2,75,2102,40,99.9,491.4,170.0,2,264,76.0,4,0,4,0.1,44,DEF,17.0
Toti,Gomes,0,0,31,1129,28,78.5,271.6,36.0,0,108,38.7,1,1,1,0.1,42,DEF,7.4
Ki-Jana,Hoever,0,0,10,423,13,87.8,101.4,13.0,0,38,20.3,0,0,0,0.9,38,DEF,2.6
Bastien,Meupiyou Menadjou,0,0,0,0,0,0.0,0.0,0.0,0,0,0.0,0,0,0,0.0,40,DEF,0.0
Pedro,Cardoso de Lima,0,0,4,48,2,0.8,0.2,7.0,0,2,0.7,0,0,0,0.4,40,DEF,1.0
Alfie,Pond,0,0,0,0,0,0.0,0.0,0.0,0,0,0.0,0,0,0,0.9,39,DEF,0.0
Hwang,Hee-chan,2,1,46,1178,24,155.6,133.4,149.0,0,130,43.1,2,0,3,0.1,56,MID,8.2
André,Trindade da Costa Neto,1,0,85,2310,46,262.2,372.4,38.0,4,415,67.2,2,0,9,0.1,52,MID,16.3
Jean-Ricner,Bellegarde,1,1,42,1205,29,181.5,186.6,145.0,0,195,50.9,3,0,5,0.0,51,MID,8.2
Fer,López González,0,1,12,228,9,61.0,29.0,37.0,0,38,12.4,0,0,1,0.0,51,MID,2.4
João Victor,Gomes da Silva,1,2,96,2471,50,308.9,420.2,157.0,6,472,89.1,4,0,9,0.4,53,MID,18.1
Gonçalo Manuel,Ganchinho Guedes,0,0,0,0,0,0.0,0.0,0.0,0,0,0.0,0,0,0,0.0,55,MID,0.0
Marshall,Munetsi,1,2,38,872,19,61.8,163.6,196.0,1,131,42.1,0,0,2,0.0,53,MID,7.2
Boubacar,Traoré,0,0,0,0,0,0.0,0.0,0.0,0,0,0.0,0,0,0,0.0,50,MID,0.0
Tawanda,Chirewa,0,0,2,25,0,0.3,3.2,0.0,0,4,0.4,0,0,0,0.2,43,MID,0.5
Tom,Edozie,1,0,7,11,0,0.4,34.4,23.0,0,24,5.8,0,0,0,0.4,43,MID,1.6
Enso,González Medina,0,0,0,0,0,0.0,0.0,0.0,0,0,0.0,0,0,0,1.2,43,MID,0.0
Joe,Hodge,0,0,0,0,0,0.0,0.0,0.0,0,0,0.0,0,0,0,0.0,45,MID,0.0
Fábio,Soares Silva,0,0,0,0,0,0.0,0.0,0.0,0,0,0.0,0,0,0,0.2,49,FWD,0.0
Saša,Kalajdžić,0,0,1,14,0,4.3,1.0,2.0,0,1,0.7,0,0,0,0.0,49,FWD,0.2
Leon,Chiwome,0,0,0,0,0,0.0,0.0,0.0,0,0,0.0,0,0,0,0.0,44,FWD,0.0
Nathan,Fraser,0,0,0,0,0,0.0,0.0,0.0,0,0,0.0,0,0,0,1.8,42,FWD,0.0
Jhon,Arias,1,0,45,1117,21,204.0,171.0,148.0,2,175,52.1,2,0,1,0.1,49,MID,9.2
David,Møller Wolfe,0,2,29,839,20,110.8,142.0,46.0,0,69,30.0,1,0,1,0.1,42,DEF,6.9
Jackson,Tchatchoua,0,1,51,1830,37,345.3,315.6,69.0,0,152,73.1,3,0,3,0.0,44,DEF,11.6
Ladislav,Krejcí,2,1,60,2201,44,132.6,502.0,267.0,0,204,90.5,3,1,3,0.1,45,DEF,13.3
Tolu,Arokodare,3,2,60,1250,26,172.9,223.8,475.0,4,202,86.4,3,0,1,0.1,52,FWD,11.5
Mateus,Mané,2,2,55,1361,24,258.1,224.6,209.0,6,215,68.5,5,0,0,1.7,43,FWD,12.8
Saheed,Olagunju,0,0,0,0,0,0.0,0.0,0.0,0,0,0.0,0,0,0,0.0,40,DEF,0.0
Luke,Rawlings,0,0,0,0,0,0.0,0.0,0.0,0,0,0.0,0,0,0,0.0,45,MID,0.0
Temple,Ojinnaka,0,0,0,0,0,0.0,0.0,0.0,0,0,0.0,0,0,0,0.0,45,MID,0.0
Ethan,Sutherland,0,0,0,0,0,0.0,0.0,0.0,0,0,0.0,0,0,0,0.0,45,MID,0.0
Jerome,Abbey,0,0,0,0,0,0.0,0.0,0.0,0,0,0.0,0,0,0,0.0,45,MID,0.0
Angel,Gomes,0,0,12,379,7,66.9,42.4,23.0,0,62,13.2,1,0,1,0.0,47,MID,2.6
Adam,Armstrong,1,2,24,727,13,70.1,92.0,78.0,0,90,23.9,3,0,3,0.1,52,FWD,4.6
Alfie,Brooks,0,0,0,0,0,0.0,0.0,0.0,0,0,0.0,0,0,0,0.0,40,GK,0.0
